AppID,AllTimePeak
1026420,350.0
22670,
231330,1943.0
552520,92377.0
1293830,75598.0
12140,410.0
368080,
457140,27380.0
546050,1355.0
730310,3578.0
1345820,138.0
435790,1215.0
7940,1148.0
110630,
638230,3256.0
975470,96.0
748490,1658.0
351910,
1089830,392.0
1308880,11.0
549860,
809890,416.0
553260,1146.0
3010,
837610,
1495860,78.0
239430,
16130,17.0
237430,721.0
291690,
410320,5931.0
299480,
523210,
1278170,
1095120,42.0
839770,4969.0
1030840,36631.0
1228870,
1127500,9914.0
634120,
316260,33.0
559210,
40800,4836.0
226620,2998.0
1172470,624473.0
404730,3244.0
236490,
350970,
438490,1485.0
270880,19138.0
45750,608.0
1420080,10.0
266330,
11370,
508790,116.0
651670,1772.0
1275660,4.0
1222370,5452.0
22380,44890.0
710920,6342.0
1455840,7063.0
216210,73.0
464340,2119.0
1213230,99.0
458730,434.0
356190,67943.0
392000,58.0
471550,564.0
913740,2621.0
642830,
1140890,218.0
1233550,
1191620,
735060,
1207650,3333.0
21680,
765880,
227480,2249.0
353540,82.0
749800,95.0
585910,
470220,5639.0
681730,469.0
979310,
1203220,385770.0
241410,1280.0
278440,
11040,92.0
265590,81972.0
495140,550.0
840370,
378750,
388750,1086.0
527230,9840.0
511740,215.0
296770,
1189780,
577940,823.0
371900,
71165,
1316800,
821640,
763890,8091.0
589780,276.0
1262540,1220.0
628890,5610.0
581660,208.0
279260,190.0
31290,
766680,
793460,1646.0
1015940,
6120,286.0
1048740,
251470,348.0
204120,319.0
1720090,
462770,3995.0
761600,517.0
1610470,190.0
1057090,31224.0
324310,1245.0
281820,12.0
28000,276.0
783450,
1030830,3818.0
1567440,466.0
441680,
702680,
1003890,269.0
1286830,27416.0
1356670,6953.0
312560,146.0
581320,14474.0
260570,
272620,
17470,1754.0
23490,5650.0
1647730,
1818690,57.0
940650,
1937620,276.0
359870,13247.0
542050,139.0
425460,
1262580,12152.0
802810,
1236780,
624120,1618.0
273620,28.0
1323470,630.0
301560,
359630,
1097130,381.0
968350,
317060,
245470,2636.0
522240,
446550,
1232010,
564050,
252030,
960690,2360.0
1413480,1892.0
115800,1287.0
415200,6196.0
243970,2401.0
775580,
524220,23813.0
423900,
251430,96.0
247370,
1148650,3861.0
275390,2687.0
32460,316.0
312510,
300,2945.0
298110,16946.0
1385320,
238750,7953.0
719070,
319740,
447700,48.0
499890,
925100,
428550,672.0
237850,1679.0
1079830,
646010,
436500,144.0
699170,1772.0
887800,202.0
523770,
19030,
851850,25715.0
1221330,
420,1381.0
12900,2286.0
921570,6098.0
356400,237.0
316480,
1303990,
470780,
1590910,319.0
1175460,2106.0
327690,
783210,
866190,
211740,79.0
212680,18821.0
314560,
1608290,1140.0
700160,
18700,21.0
809000,
202370,
465660,
312440,
464110,
985950,277.0
115110,660.0
622220,3078.0
58200,
657240,99.0
215530,4210.0
887450,
578620,5261.0
1283410,1537.0
633440,
760060,4013.0
496390,
217750,1276.0
200190,
337480,377.0
271240,2698.0
790710,680.0
223220,494.0
32360,629.0
519860,942.0
414340,5619.0
357720,67.0
988240,
493200,629.0
854940,
347470,
408410,2057.0
1282210,1161.0
265970,805.0
39200,243.0
1028630,632.0
413410,3374.0
285900,2946.0
976730,93305.0
636450,
875310,23.0
111800,700.0
1232570,
1259980,2867.0
246760,862.0
661520,
794960,
55110,1827.0
462630,
545620,
544610,2125.0
286000,1971.0
344410,
888040,57.0
375450,7454.0
63209,
773370,731.0
575820,30.0
91810,
1074170,33.0
237350,
24240,49734.0
311210,63681.0
305620,14411.0
1209360,
328590,
1472660,1329.0
696180,80.0
587100,278.0
989690,755.0
346830,268.0
1257360,677.0
732690,844.0
211260,560.0
264060,2892.0
529490,62.0
13530,104.0
535850,
302710,176.0
1206430,121.0
1195290,1942.0
249190,275.0
368070,4047.0
666560,2.0
981890,4022.0
1173810,3948.0
99300,483.0
1035560,139.0
420060,
334210,
987840,9731.0
1105670,6723.0
202710,663.0
980300,1002.0
1733840,
303430,
1233590,1204.0
514150,5.0
761030,
906120,
250760,2840.0
450250,
357340,
285960,
289280,
1232460,164.0
589510,57.0
464060,894.0
774241,
34190,91.0
1363350,
211970,86.0
1200,455.0
559330,
1173800,3407.0
261640,67244.0
254840,
497360,
412660,
964990,
390040,
1353270,247.0
1129920,
1359920,
38490,
210770,13560.0
245050,232.0
1000010,6590.0
559680,68.0
108500,334.0
350310,152.0
1184560,
1451120,
574310,
1013310,
973810,2149.0
517810,143.0
1232150,11.0
401710,
1574580,1343.0
1263070,
638070,144294.0
228300,3048.0
565120,
313160,18658.0
244210,19780.0
1761390,2577.0
765870,333.0
638000,183.0
960910,2643.0
994730,3737.0
550450,
331870,440.0
209160,12575.0
1210490,23.0
448280,5757.0
15750,158.0
22340,87.0
400,3370.0
447290,360.0
299360,8594.0
465280,200.0
2710,37.0
573120,1332.0
1263850,93775.0
340560,
329440,244.0
226560,424.0
1100410,810.0
1094730,
914750,80.0
216910,488.0
743900,332.0
916440,25214.0
759570,
7010,
973760,3352.0
1346830,69.0
1038250,1200.0
371520,587.0
13620,12.0
250520,1968.0
33460,1480.0
375820,758.0
322970,
977880,12296.0
340990,
247950,1953.0
70650,33.0
534370,1861.0
7840,
1191900,83.0
362960,15739.0
907770,5.0
1447000,1731.0
581270,
1371720,875.0
58520,834.0
236390,121180.0
268870,7202.0
626610,425.0
65800,12467.0
789950,18.0
918820,198.0
695100,87.0
1042780,1614.0
1076200,2517.0
98100,
774201,
812550,
858810,23738.0
257510,3977.0
415590,
661920,
224920,
573070,4.0
63710,
1162960,
453310,32.0
242110,
265830,
477870,130.0
650000,597.0
822640,
531510,918.0
250460,357.0
113400,5592.0
245300,61.0
29180,268.0
582560,
1092790,17044.0
1039890,501.0
207170,2656.0
1591530,1838.0
694500,86.0
530930,
1220370,
1164050,
42910,11717.0
933110,18142.0
570,1291328.0
267980,1294.0
264000,
879140,
883360,
247430,173.0
223830,1601.0
603700,16.0
824000,560.0
505640,314.0
369440,
434460,2236.0
1072040,3459.0
1535610,92.0
11250,
362380,
1346010,680.0
1321070,
39160,976.0
933820,6374.0
722230,
446460,
609110,108.0
632350,
819020,361.0
945740,27.0
543460,2178.0
32670,
242130,
426790,540.0
1149440,1344.0
529910,
223510,335.0
473720,
215470,2547.0
973580,3923.0
1056970,
321560,12.0
416830,
1210060,
1250250,
636100,234.0
808910,206.0
1148590,951.0
1257850,19.0
474210,
1356280,984.0
227220,493.0
1034920,
866140,178.0
1314000,453.0
726950,
462640,
261550,248034.0
1066780,23150.0
509610,5.0
654880,14336.0
760800,
331600,4242.0
768450,
702110,30.0
6220,631.0
322630,
23460,
383270,3247.0
780310,21506.0
711380,
1399700,
927380,3217.0
515180,3868.0
447530,1554.0
1592520,252.0
1614270,71.0
200900,924.0
304030,
214510,5005.0
397950,1480.0
510520,
321800,850.0
65980,86747.0
63700,148.0
264540,
717310,26.0
207350,634.0
29580,
1167630,8221.0
1150950,188.0
223470,4571.0
819030,177.0
544920,12513.0
1782330,179.0
21100,1703.0
358650,169.0
1062110,233.0
259170,
296570,646.0
1457570,
1120210,
1235140,9508.0
1901370,1822.0
706020,
771690,
1691970,195.0
1651960,
505170,586.0
676630,
560130,22639.0
1003590,1253.0
236970,
644830,3679.0
565170,126.0
4770,112.0
1692250,23763.0
220200,19079.0
209540,
203650,47.0
363890,2486.0
397540,93597.0
272270,7328.0
29160,
562860,1471.0
206190,2606.0
1233570,1427.0
219680,286.0
365680,
852090,38.0
619700,
979690,13930.0
905330,
359320,27568.0
447780,77.0
545270,
3620,390.0
558420,366.0
211160,790.0
522740,
2810,309.0
552910,
674750,2573.0
628670,1862.0
323380,
622720,1579.0
228400,3758.0
378720,1696.0
552990,400538.0
360530,
315110,25.0
376520,
1279410,6.0
105800,1221.0
403940,
774361,
975680,
31840,28.0
293740,
991260,147.0
1850570,6922.0
234080,1585.0
343710,275043.0
689900,27.0
24790,1305.0
1092660,1681.0
522200,
243040,
341870,
525360,
676820,188.0
9340,805.0
510620,
1080750,49.0
775900,615.0
912570,175.0
692840,
1279920,92.0
237930,6657.0
1239520,3221.0
1186640,401.0
829110,848.0
47830,1823.0
882100,20701.0
1399840,119.0
269790,176.0
277460,51.0
345660,593.0
983970,572.0
310950,13807.0
1393750,231.0
26900,
590380,14573.0
221040,11836.0
263340,
1794960,2648.0
682570,156.0
758330,1280.0
913060,
244450,9720.0
249590,
474750,1607.0
742520,30.0
347290,146.0
1748660,
1297300,
475960,
1012840,515.0
15920,11.0
699130,7943.0
256190,598.0
466920,73.0
991270,1922.0
356040,1385.0
978970,
1154790,120.0
254460,90.0
2640,94.0
829280,128.0
1184370,46563.0
459080,282.0
418250,542.0
228440,379.0
778390,48.0
1102100,49.0
45700,501.0
1571460,
307960,1040.0
405310,2092.0
621930,89.0
820540,
1399690,
603840,
587620,2125.0
712180,23.0
861650,1743.0
42120,252.0
1824220,16901.0
399120,399.0
566090,
1328350,644.0
653530,1220.0
1082680,165.0
818320,284.0
395620,
328900,
230650,
1641660,
322440,
563840,576.0
1037120,28.0
547590,
292160,42.0
613830,1758.0
609320,1437.0
1453790,151.0
1373290,
330820,129.0
1500980,
606880,16190.0
1331210,147.0
1570020,
236870,51689.0
329050,4297.0
288040,
41070,2085.0
1475570,
31930,
970830,4622.0
611670,11030.0
627350,
1792600,
240,48458.0
1548750,37.0
284730,
394600,
722560,559.0
270770,
1473550,
15190,99.0
1434950,1683.0
666100,
755470,
914020,
914110,100.0
1139870,
58610,2197.0
304240,4340.0
1426210,69976.0
1223500,
208200,1069.0
11050,
252750,
510420,135.0
8870,65198.0
918950,
1220140,2240.0
435530,1257.0
572890,2084.0
714250,
311340,5788.0
211400,1663.0
1522820,13129.0
389730,18766.0
618970,238.0
629090,
702700,77.0
628770,469.0
371200,
7860,222.0
204630,
337000,52051.0
492720,15170.0
917720,359.0
484900,1735.0
400910,670.0
232770,408008.0
1058690,24.0
299950,
1138660,1817.0
521890,1399.0
488730,
925460,21.0
31280,1058.0
1007520,
115210,59.0
499520,
218230,29449.0
320540,
4890,132.0
1072500,427.0
18400,
642610,
300620,
269650,
1426900,
370920,
244730,947.0
11560,
95900,87.0
323470,22782.0
423230,640.0
113200,12295.0
204030,2576.0
332200,786.0
297720,
283390,
345350,2475.0
431650,
57740,1142.0
1172380,46513.0
1328660,1204.0
533010,
405340,
61520,121.0
785260,971.0
283290,
598550,319.0
610860,
1027250,66.0
251490,59.0
233190,
536780,39.0
4720,366.0
708710,
22100,874.0
985900,254.0
256390,
239350,2854.0
598730,
435100,
46480,99.0
303800,287.0
450670,68.0
658260,168.0
215160,332.0
222640,
563260,
957710,
594570,84254.0
975510,
587260,298.0
304730,3319.0
313690,2167.0
1345860,
384110,306.0
241000,
1173770,3064.0
798460,1155.0
289460,
522880,49.0
200010,842.0
223730,
1730680,730.0
1115690,2628.0
220820,925.0
327670,
844740,
411320,35.0
319140,
1034850,34.0
1016960,
1492480,3.0
1266680,
885000,129.0
704450,2397.0
746850,914.0
203770,140269.0
447150,133.0
391140,
632250,
34019,
418620,
16730,169.0
1369730,
6870,159.0
492230,435.0
970840,
1158890,225.0
411000,177.0
321360,864.0
220440,5731.0
375910,7401.0
680380,
339840,
1225330,31311.0
1286350,1540.0
837460,
320820,
1108590,719.0
288160,664.0
1602010,5628.0
1087500,
429530,7.0
552500,104134.0
91800,6.0
322110,701.0
8880,
594650,59968.0
751820,
1468250,
680390,
574160,
476600,19374.0
203160,89494.0
65930,7312.0
293340,50.0
350740,
997070,28145.0
936780,189.0
446810,42.0
1271400,
365820,
474960,2706.0
443650,
201420,209.0
249130,5890.0
1145290,
402130,58.0
1202970,18.0
1262600,415.0
211820,88355.0
557340,6320.0
285820,221.0
268050,4089.0
201480,38.0
22230,1339.0
626200,
1196470,3822.0
825630,774.0
1100600,189230.0
234650,24242.0
202070,
1334730,146.0
204100,5582.0
1061880,731.0
373930,2466.0
838110,
730830,
569480,4836.0
1063310,30.0
1276790,16297.0
846730,38.0
1622800,57.0
525040,167.0
257350,2644.0
892210,
47920,400.0
1341290,8369.0
242700,10262.0
218060,
717640,
110800,3541.0
541450,129.0
789760,606.0
504370,44850.0
736850,812.0
640120,
1205430,
1508400,
21800,160.0
289130,88785.0
446150,
995240,
235980,593.0
378610,
65740,1244.0
277700,
459220,3187.0
1787810,9.0
256010,
978520,3116.0
1136020,136.0
1506510,
25830,540.0
699700,
267530,1394.0
8190,7493.0
597820,36397.0
512300,
1145360,54015.0
219910,211.0
794540,
92000,
1600370,170.0
31900,17.0
1335790,1066.0
44690,34.0
314830,
1045840,
1037020,814.0
99910,293.0
32900,47.0
1068600,
960990,1365.0
208710,
314810,
2610,150.0
27000,
255070,
322210,250.0
7600,1008.0
1069530,159.0
1672970,4020.0
91200,
694090,
1796410,
1754000,
303790,
351940,126070.0
32450,160.0
528610,330.0
906510,60.0
667720,1506.0
204450,11691.0
1048600,
595060,16.0
414740,1492.0
747620,
826630,8145.0
632360,74945.0
235540,24594.0
1206060,343.0
214250,1228.0
1179620,
43600,36.0
253230,7272.0
1311510,10.0
267900,
1158850,2520.0
917840,
218820,832.0
1088850,9826.0
257030,
322290,
262280,11691.0
595140,579.0
203210,192.0
332310,4839.0
596380,663.0
743890,818.0
578670,
1016920,9651.0
1001140,
1205970,433.0
609490,
333980,499.0
285980,
1213210,29136.0
654050,
774651,
1507790,
451570,298.0
1255630,9535.0
1262560,1934.0
290790,
273070,623.0
10120,
1342620,
265300,8014.0
205810,456.0
233110,
223100,4352.0
286880,
953490,3730.0
735290,85.0
107410,56185.0
798510,1895.0
229870,646.0
881320,240.0
1178210,
441830,1470.0
872410,16482.0
780350,173.0
747650,
396710,328.0
592480,50.0
308420,773.0
427190,993.0
24960,5575.0
675260,2024.0
284990,
971620,355.0
290770,
1061730,
417290,856.0
55040,
294000,
327410,1313.0
2300,156.0
603530,
845070,7220.0
529660,272.0
599140,16973.0
248550,
102200,162.0
248860,527.0
401890,
1018010,123.0
9500,84.0
247080,2234.0
3300,75.0
435480,
1113560,28509.0
451840,
1161580,7718.0
200410,
110400,
323060,688.0
338890,
1002,
543900,5511.0
316790,1469.0
966330,189.0
910630,139.0
317840,
300060,
844050,
220740,337.0
10090,4725.0
336130,
342180,4609.0
1115780,
256460,
1468380,9.0
333930,12963.0
200370,
7800,396.0
362410,
320040,311.0
291650,41787.0
838310,954.0
289240,9.0
48240,11140.0
19980,428.0
204390,
326520,
465100,
1295790,
1419160,1400.0
610190,
631980,59.0
1361670,
260160,
603420,
291480,13867.0
1158310,98474.0
571310,3728.0
1315200,
921800,3743.0
1133760,2200.0
3170,238.0
40400,5028.0
260309,
1527950,35769.0
358130,1003.0
912650,
1410640,865.0
262390,
1799380,
283310,
1085630,88.0
633360,
252110,263.0
1755030,
620,14984.0
277390,
244030,
317710,165.0
1341820,293.0
416680,456.0
6030,826.0
49330,
646910,55125.0
1429890,
1026680,3057.0
366640,
1029690,14794.0
363940,
9480,6444.0
228960,
460810,2405.0
6510,226.0
41014,
97130,108.0
47730,
11130,30.0
301840,130.0
1121420,363.0
1227690,416.0
1222730,35721.0
649640,149.0
599080,464.0
1029210,749.0
419460,
440550,26.0
240440,295.0
463170,
405290,120.0
990630,1381.0
18049,
255710,57421.0
24460,
785890,129.0
61510,57.0
582010,329333.0
454520,
312530,5004.0
3720,1036.0
207420,396.0
230070,703.0
808090,
824830,37.0
488821,
355860,
21110,74.0
602430,121.0
416600,592.0
283640,2422.0
643620,
297120,197.0
725080,
663670,
298630,3295.0
555510,
42710,7352.0
3330,1000.0
609150,1302.0
219150,6858.0
1172450,909.0
279440,96.0
870780,9078.0
1386900,181.0
429330,156.0
269030,114.0
200230,
730430,121.0
223430,
230190,2227.0
981430,1883.0
294060,
437000,132.0
67370,12568.0
1533420,3238.0
22362,
406720,
707030,806.0
253330,
34273,
392410,
697650,41.0
404200,332.0
428660,528.0
452970,28.0
299070,30.0
4500,3719.0
1484280,328.0
344850,2614.0
1700,89.0
11240,
1202130,8089.0
16810,522.0
673000,
330180,
245450,212.0
599610,41.0
1497950,858.0
695920,434.0
479110,
1249110,
559100,2653.0
289840,8.0
1007040,8362.0
237990,4436.0
770390,
1402320,193.0
394310,4277.0
317370,
30,654.0
1600,21.0
1151450,344.0
1422420,166.0
112100,
298030,608.0
383870,17521.0
257770,
238370,1552.0
11450,2291.0
268910,19076.0
1732070,
46490,
361560,
982720,317.0
15270,31.0
1075200,
9200,10510.0
259830,
349520,
1092780,
2820,1019.0
1462040,13803.0
703080,38457.0
1341200,3104.0
999220,2811.0
239090,
261180,1836.0
649950,657.0
1172190,
558260,99.0
63000,
1637230,438.0
222480,2083.0
638650,411.0
394430,
330020,4313.0
7000,287.0
1138970,26.0
421170,1627.0
926580,
885970,18407.0
614090,
274230,
971690,
229520,
798290,293.0
38170,40.0
42680,6504.0
874040,46.0
255960,
968870,89.0
1151440,249.0
756590,
482450,
237470,372.0
433340,16943.0
1047220,25.0
289520,1271.0
687260,
1167140,1340.0
296830,
1259380,17.0
1656820,
427660,
1186040,
997030,
1933740,
546900,41.0
1544360,331.0
1190400,236.0
392260,
632070,
1668530,
12500,610.0
274250,
651490,
1905430,3.0
1338770,6961.0
55230,34254.0
48950,113.0
351080,
1138850,442.0
427700,
996770,611.0
287720,
760650,1039.0
458920,
1556870,
508450,
251130,940.0
221260,2060.0
978780,3682.0
1683100,
290530,136.0
1223910,98.0
544970,
1449690,7055.0
339690,
359510,335.0
297920,212.0
12340,
948740,983.0
442120,796.0
2800,203.0
225260,7129.0
258520,1431.0
629690,132.0
209190,
254320,400.0
1116580,206.0
661740,
304390,216499.0
395570,
39190,373.0
213610,1819.0
24800,1636.0
405830,888.0
460190,202.0
1385100,
347830,
26500,60.0
1161490,1598.0
927250,
391540,11071.0
415150,
405640,362.0
211420,11248.0
868520,218.0
739650,767.0
357190,1706.0
384190,1311.0
733340,114.0
1393370,977.0
361320,38.0
583470,1643.0
245370,
40350,
629820,2811.0
931310,
413420,1848.0
398030,89.0
255300,151.0
473950,324.0
209000,24938.0
301640,4179.0
371890,
1170060,77.0
1148550,
418180,945.0
254880,
1477980,
860510,5368.0
208730,
1462570,505.0
1178830,13637.0
265330,
281840,
440900,53402.0
1419290,11.0
552590,355.0
262960,
262750,731.0
1296360,648.0
13580,157.0
827000,20.0
1827740,
375530,1020.0
926180,
785740,3451.0
1086010,
534380,274983.0
539340,23.0
440,253225.0
1300,
22200,316.0
313010,2092.0
328730,
919410,115.0
840210,319.0
393520,924.0
1621310,3604.0
273590,
10460,
743860,
460930,45663.0
446100,
233470,
691280,48.0
25808,
274290,1028.0
579950,
1690,137.0
532210,468634.0
370550,49.0
989440,1584.0
22310,35.0
10220,85.0
46540,
596080,7.0
610370,5997.0
205710,985.0
374900,212.0
260730,267.0
460920,2087.0
688070,10.0
1238820,1412.0
4800,43.0
535520,
98500,
16450,1102.0
224300,59.0
915100,
234900,387.0
400360,57.0
34600,
287260,139.0
3130,72.0
8970,5.0
493520,18813.0
13500,155.0
1799930,286.0
1335230,406.0
203830,268.0
57900,559.0
846110,432.0
1209410,593.0
289440,
448510,1450.0
606280,7475.0
1001070,
319050,343.0
347440,
209080,
496040,
1263350,12.0
230410,181509.0
925940,38.0
327220,173.0
302080,57.0
307030,
38700,
41730,
50640,
302510,2740.0
520440,3413.0
45450,
562810,3180.0
775500,14479.0
1472540,
234710,11178.0
1656780,4170.0
1749750,629.0
314630,
215790,
264520,
244890,273.0
579180,566.0
302210,
205990,978.0
518060,179.0
277850,
469790,
561610,420.0
426310,91.0
9880,984.0
1238080,588.0
423270,
532290,
631510,7558.0
583950,60740.0
979120,3598.0
1137450,67.0
39150,4457.0
287630,766.0
1196630,1162.0
230820,187.0
15120,1011.0
226960,930.0
931500,1178.0
414700,5966.0
847370,2296.0
592580,6974.0
49520,123596.0
252350,208.0
1140170,50.0
1191260,85.0
368640,
728740,557.0
234160,
312660,17294.0
1287310,38.0
17480,2854.0
7670,2625.0
1337530,
940910,
673130,351.0
39140,6424.0
290080,7871.0
380,1102.0
761890,27208.0
322520,1048.0
29700,
78000,745.0
229480,313.0
1347780,147.0
15000,
578650,16900.0
200510,70560.0
993840,3.0
250320,14130.0
259190,
508740,
834800,
400170,1314.0
951750,
374040,6511.0
587180,13.0
1245620,952523.0
1259420,27380.0
546430,1863.0
452510,612.0
763250,
279920,
965900,
376570,
970960,517.0
989790,28.0
4580,2259.0
227080,
245170,3916.0
1040230,3043.0
93200,
520720,2004.0
459090,
488770,
703860,1028.0
857980,2088.0
890720,123.0
571720,
620980,42095.0
831050,
514140,
1042550,3408.0
1683340,
610410,
449510,17.0
322450,448.0
1062040,306.0
694950,
63950,
1471490,
224740,245.0
532270,
622650,3440.0
1154810,560.0
1101190,2839.0
282070,9343.0
312650,60.0
378080,
718850,10346.0
735580,
248570,2648.0
625680,
338300,
1335800,
1123450,313.0
271260,2607.0
898650,138.0
1696220,27.0
1253920,22811.0
466560,20083.0
268130,3825.0
1177030,
359580,
233270,5444.0
49300,140.0
593060,
227800,
72000,
314540,
1287840,2539.0
516110,
428220,
1085180,
348470,605.0
339130,
593280,1509.0
1063490,87.0
98300,
502820,198.0
945360,438524.0
606150,6158.0
712100,22600.0
272510,6782.0
1074620,58.0
962580,789.0
282560,2133.0
356430,58.0
594130,58.0
8100,24.0
202310,336.0
1337010,216.0
334120,1195.0
275100,595.0
274350,
389140,218.0
394360,93196.0
600080,
203750,1077.0
646570,32937.0
548810,73.0
58560,53.0
73190,
201870,2727.0
2210,255.0
211780,55.0
861250,435.0
21660,
304530,3665.0
32510,826.0
248820,5446.0
32680,49.0
368500,3634.0
336240,52.0
867210,4167.0
253750,335.0
944430,
45000,
288930,
312780,1534.0
301980,24.0
684410,1720.0
545540,158.0
418340,3224.0
39500,900.0
427810,
543260,236.0
723270,
97120,
1135910,402.0
379640,
111300,
6840,50.0
418460,24518.0
943260,482.0
2600,1107.0
377160,471955.0
23450,308.0
720560,1146.0
228200,5845.0
307670,860.0
337350,29.0
40370,
1484900,322.0
1634150,170.0
32650,17.0
257050,
1492680,114.0
530630,613.0
402020,
252490,259646.0
321870,
9010,549.0
243450,
770240,6472.0
840390,
394550,
834530,3406.0
1478210,
682990,7520.0
939520,1323.0
41000,578.0
1082180,250.0
537430,
385860,98.0
1125330,
15710,58.0
420570,6.0
356650,2538.0
1185700,
502500,13680.0
331690,190.0
287020,130.0
1388590,1607.0
294100,62257.0
208650,25623.0
2840,156.0
17410,3766.0
438130,208.0
337340,968.0
1265860,502.0
487720,
261510,481.0
686720,316.0
1260520,581.0
291860,2455.0
8640,2.0
266170,
345480,
1123770,2971.0
1574270,235.0
102840,448.0
349040,8372.0
246110,678.0
352120,
27900,
264710,50876.0
774461,
813780,38725.0
1028350,70.0
437630,
1670870,384.0
1178790,2658.0
1075400,
285070,
204860,65.0
65560,
1238840,53107.0
1173780,1581.0
277450,122.0
1320230,8.0
12310,
597220,2822.0
351970,9690.0
244910,
220160,4300.0
1222690,4937.0
3560,35.0
319910,660.0
363130,568.0
495050,180.0
317250,791.0
240600,
1180660,2768.0
327880,139.0
384250,230.0
329490,
454950,
11480,236.0
41740,
221540,1315.0
998740,1233.0
18070,
1281590,4573.0
390090,
336420,
907650,4122.0
1262240,3966.0
987720,673.0
212070,4973.0
1449200,2815.0
1124300,55232.0
393750,
1792820,
113020,38410.0
9960,
424370,127542.0
1436590,312.0
787860,59234.0
24870,274.0
488790,21483.0
343020,
587430,822.0
317580,
1695830,316.0
306000,
18500,1674.0
222140,125.0
373420,7547.0
447820,9214.0
1277510,223.0
323040,
978300,1542.0
606890,
26800,947.0
1213700,947.0
243930,2599.0
1227530,3051.0
371660,14702.0
702670,619.0
1089090,7222.0
938560,421.0
220,64085.0
307590,
362890,7116.0
31860,26.0
15200,118.0
1133300,
6550,145.0
220090,
1357860,407.0
1094540,
265550,11398.0
392280,36.0
298140,
990050,516.0
251270,
883070,
25850,
530020,263.0
95400,1073.0
17710,
1807920,
356460,
1055540,217.0
1227780,629.0
1140630,
716770,
460790,4099.0
4530,
2310,2797.0
18110,
274880,
1658290,1038.0
1082430,491.0
611660,3619.0
417880,190.0
1060600,39.0
335000,
1287590,185.0
1142710,166519.0
984780,946.0
16720,
312610,360.0
907670,
1715130,1212.0
108110,
710470,
262940,1101.0
265750,
249680,180.0
1058320,
421050,2644.0
6850,509.0
9420,2072.0
883710,74024.0
591760,67.0
46370,
294750,
403640,22269.0
250110,
719040,24545.0
242880,
9710,
850320,483.0
1252330,20050.0
527280,
1243100,
548840,
241930,48518.0
209630,527.0
1298140,289.0
390930,
73060,
518790,24953.0
493840,3592.0
625910,
641990,11156.0
310490,
41900,
9850,97.0
219760,38.0
283350,
1072190,268.0
607080,7234.0
1307670,
6860,1137.0
1042490,191.0
1684400,25.0
263560,759.0
1585440,
47889,
828900,94.0
428750,
573100,8938.0
606730,
1758910,
1126750,59.0
215280,3740.0
1072420,3348.0
423580,2452.0
831650,
1498570,8205.0
38420,243.0
967240,155.0
437570,
365450,127640.0
574050,847.0
363950,
206410,
1211630,10435.0
32380,146.0
1341050,
304500,
366320,
553420,2501.0
986310,
8140,413.0
3700,631.0
204580,
13630,10.0
400450,
262190,11.0
433550,147.0
236510,
32410,
955050,1867.0
412830,3507.0
1240050,
370240,9172.0
582160,41541.0
306130,49061.0
725270,
105420,
1238860,12342.0
1547890,1619.0
229890,87.0
1191630,752.0
1406850,594.0
440880,
715560,431.0
421740,
3960,
1110910,1930.0
292500,202.0
1119980,399.0
368740,67.0
1552350,4635.0
894020,3740.0
649360,
944920,
662200,
12810,1702.0
1569150,15.0
214340,1257.0
527430,9699.0
231310,109.0
41800,
15080,104.0
360170,2823.0
313080,
422970,326.0
219640,25145.0
1082710,316.0
2590,
1071130,
606710,
355050,212.0
895620,2179.0
1139280,37.0
1243220,
1178140,
97110,107.0
904540,31.0
554870,
249230,7935.0
312520,10875.0
380150,274.0
1097110,67.0
1446780,230942.0
500810,143.0
281610,7251.0
451020,5359.0
448800,
436670,868.0
218620,247628.0
915230,
239160,18247.0
313810,50.0
200170,7770.0
243950,2311.0
555880,
10,65188.0
1144080,
49900,
654100,
1282690,1387.0
1597580,
570790,
1024980,12.0
1369630,6332.0
287780,
360740,405.0
203350,2198.0
9450,3245.0
555220,2325.0
252410,1459.0
550,161590.0
42140,381.0
894940,1644.0
6980,343.0
651500,
601150,88735.0
257850,4929.0
249570,
1167450,9186.0
835430,1191.0
363680,9199.0
623640,
584980,390.0
738540,3424.0
439190,
92800,866.0
505230,1418.0
681280,1942.0
43190,
360830,6508.0
812160,
1392960,1110.0
581300,179.0
404680,1168.0
808290,608.0
222750,4413.0
779340,191816.0
214770,1643.0
966400,7.0
225300,135.0
208750,718.0
48000,27454.0
312370,576.0
717540,
352240,
433380,
12470,73.0
411960,219.0
370220,15.0
63900,32.0
679690,
371040,
239250,3784.0
750200,47.0
262060,19737.0
570940,24505.0
938380,751.0
523660,1625.0
600090,410.0
1604030,150645.0
202130,2540.0
219190,103.0
718670,3086.0
243220,
436290,438.0
614570,6036.0
209330,290.0
206250,
381210,105052.0
623280,
916840,1366.0
910830,246.0
1243890,100.0
205730,408.0
1122100,
1249740,
2870,14664.0
433100,135.0
826940,161.0
284460,262.0
1271700,2230.0
1139900,5033.0
280160,1679.0
1132910,
231430,161908.0
1022710,
582960,
1329810,
15300,80.0
317320,
242640,1622.0
646270,719.0
433840,
694280,3279.0
1084640,163.0
217140,2002.0
846870,178.0
233350,85.0
874390,535.0
333430,
967390,153.0
733210,
115320,4062.0
281990,68517.0
384200,
236430,79528.0
376300,1954.0
971030,
207020,26.0
35725,
200390,280.0
233860,11572.0
13570,501.0
561600,498.0
1113570,1245.0
556740,
70300,2174.0
401910,
252270,67.0
493340,21828.0
396350,
1122720,176.0
745920,39501.0
460950,1520.0
330840,6632.0
1714190,
430210,457.0
248510,
349890,
353270,1005.0
10520,2.0
99400,
1029890,
1843940,1513.0
970570,137.0
361230,
425210,
357310,866.0
1011190,
1162280,
965230,1342.0
607050,5061.0
32640,23.0
243800,
314710,
253840,950.0
11200,330.0
1913160,
22000,2045.0
638970,8907.0
851280,
743450,1510.0
753640,7936.0
262470,
290340,3615.0
383230,
762840,
469610,926.0
1442820,900.0
1432220,7.0
3980,118.0
546560,16459.0
108710,6612.0
481510,1266.0
21980,376.0
1182620,1089.0
1272160,1544.0
394760,
437920,936.0
995980,453.0
269110,210.0
1372320,270.0
63960,
4420,
264140,2146.0
762830,
1172650,167.0
65500,
224760,2526.0
621020,
238320,11684.0
262850,87.0
373650,
1104380,137.0
232970,
293780,309.0
741510,263.0
831560,5834.0
366240,86.0
264560,
1337100,
1383250,
1252830,
71117,
900040,8194.0
556060,
485030,
428370,
346820,29.0
1157390,5364.0
503560,1897.0
6090,
1329790,
613470,88.0
1036890,1621.0
893680,378.0
270790,105.0
234140,33356.0
329860,
327740,48.0
994220,896.0
1494110,
952040,424.0
429570,2203.0
335300,12051.0
904380,236.0
1128920,9735.0
899440,9455.0
1258220,
1074080,
548570,13591.0
1147550,848.0
375440,
1137300,1271.0
405780,
1834110,
338320,
915670,
234390,
314030,1230.0
1229580,
388880,709.0
683280,
1400970,
7610,179.0
1005410,
282900,2224.0
658780,
65610,25.0
477770,626.0
1630960,
1038810,85.0
536560,101.0
1380420,954.0
256030,
1436920,
1058450,666.0
566540,490.0
842100,335.0
251060,4779.0
241540,10035.0
305050,15667.0
292140,1800.0
788690,
1098080,39.0
626660,
893850,1051.0
1098292,
238460,14269.0
227380,177.0
1199370,
251850,
3920,1333.0
366270,
459370,
262000,335.0
46290,26.0
23380,
1150640,1219.0
418370,18211.0
637090,35586.0
300380,754.0
208110,29.0
433280,145.0
320240,3498.0
674930,1083.0
1018020,72.0
446390,245.0
1573390,
372360,1414.0
331480,661.0
281750,
457890,
940680,378.0
447020,31961.0
336930,
550080,506.0
1105510,826.0
874260,585.0
48190,2198.0
275200,377.0
1295510,4752.0
1147560,18876.0
726590,312.0
532190,63.0
1045720,241.0
604740,
56437,
319450,
1488200,4368.0
260210,1174.0
736260,1493.0
1531540,4974.0
250400,9186.0
214870,
1188900,6.0
209100,
449610,355.0
1505430,
628800,
981750,201.0
250680,765.0
1900,9947.0
608800,2097.0
573130,
1747050,111.0
61730,61.0
33320,348.0
755500,1213.0
17330,318.0
1425070,
1246870,39.0
1571120,
254080,8655.0
70400,1935.0
678950,44234.0
985890,6042.0
994500,
289650,9232.0
1361510,8700.0
1273750,19.0
1113000,29984.0
389870,
527100,846.0
1029730,4.0
385730,2498.0
208520,3983.0
13600,325.0
254300,
38210,
201510,
200710,54010.0
897450,3518.0
453090,1393.0
1449320,
266840,11010.0
359610,130.0
836770,
329380,
227000,178.0
1165910,
603930,
1017900,2705.0
975950,33.0
388800,132.0
900270,1303.0
415350,
24810,952.0
954740,1392.0
261760,
410990,82.0
12830,376.0
428540,
399600,
1051690,1134.0
1302050,
1386780,968.0
1296290,12.0
254700,5343.0
253980,14686.0
777410,
1016770,26.0
252610,660.0
1640320,
414870,481.0
40330,108.0
1174180,99759.0
19680,1227.0
7510,4366.0
475550,7799.0
996580,3561.0
889260,12.0
315340,
1059150,7.0
1291340,1162.0
1519350,5516.0
57650,660.0
364470,8781.0
477160,127516.0
322190,1083.0
205530,
244950,
266110,
400940,534.0
1325890,73.0
552700,1276.0
485460,1383.0
2500,
1530770,37.0
557040,
228360,352.0
821290,
321960,3424.0
852300,
366910,1390.0
430410,
1290000,14178.0
738530,406.0
31920,26.0
282640,65.0
598840,
629000,
701160,26314.0
403290,
355800,712.0
1702330,2680.0
838010,
1638330,
1096530,8291.0
227560,157.0
418240,4985.0
234290,
745790,
62100,
525450,
1244950,551.0
339460,
270610,62.0
1233880,592.0
1097150,172026.0
116100,49.0
939960,12369.0
387290,9020.0
41700,1701.0
207320,438.0
312840,406.0
267920,1091.0
359840,3872.0
551730,1938.0
11590,356.0
272330,
587110,259.0
8170,367.0
1210320,10085.0
584990,24.0
787480,4663.0
1064840,
1038370,1743.0
394290,
235600,6146.0
311010,
48150,2.0
33990,
1325200,41273.0
922040,
699740,170.0
433300,
1630,103.0
1205900,
625980,49.0
1257290,3941.0
411370,2015.0
365160,341.0
1224020,699.0
310470,4261.0
859580,29077.0
751500,109.0
216130,
656700,
463270,409.0
205100,19930.0
1284950,
409890,624.0
334940,281.0
55100,6912.0
1306630,1139.0
847360,145.0
1767220,
1229460,940.0
73010,712.0
677330,5.0
311690,15767.0
401680,628.0
296850,
368370,648.0
204560,
941570,65.0
260790,
303720,
1056960,6481.0
924970,65873.0
327030,4613.0
1016000,
34330,53955.0
406710,
530320,219.0
403970,
71000,774.0
271500,
231040,
1203630,833.0
1051200,951.0
356570,828.0
365590,113877.0
22450,
1057750,408.0
294860,5017.0
731490,3742.0
1569220,
640880,
22650,
39640,36.0
364360,111909.0
1146310,325.0
278080,3851.0
1250,21151.0
47890,10426.0
371300,
1325900,91.0
809230,611.0
115200,52.0
1058830,309.0
1465360,11142.0
96800,
423620,
438640,2385.0
1116780,
297860,80.0
39210,95102.0
210970,6181.0
1049320,476.0
632470,8081.0
319970,536.0
1794680,77061.0
401820,
682080,
359390,558.0
758410,
365360,8055.0
575450,
1120420,
809880,396.0
811320,655.0
605800,
1517970,128.0
1135260,52.0
80200,
225540,23459.0
32750,17.0
340700,
608530,
509400,
456390,5.0
73210,
303210,913.0
285740,204.0
352400,3468.0
427680,64.0
698640,653.0
1315610,179.0
589360,10708.0
647830,1042.0
730,1818368.0
235360,808.0
674140,1088.0
1243690,19.0
253350,
29560,
709750,
297000,4598.0
250380,172.0
1449280,200.0
302170,
1162130,
324740,
500,2333.0
764670,
105600,486918.0
355680,152.0
688140,
617290,48194.0
421600,
281640,1892.0
301910,5781.0
239820,7558.0
1107790,294.0
585710,414.0
901147,
311840,15.0
410110,4366.0
1423600,670.0
795420,205.0
446840,
872790,75666.0
243160,
619780,1852.0
925930,51.0
1101360,129.0
409730,
567660,
774171,
1367590,550.0
397060,3638.0
1184760,329.0
504230,7720.0
294810,315.0
515960,742.0
740130,60274.0
339340,2924.0
1552810,77.0
851890,344.0
600990,
744050,
911400,3473.0
98200,2074.0
436230,
1710580,670.0
527270,608.0
20570,1185.0
1328670,59650.0
207650,
290300,5662.0
1097200,4996.0
1003090,
1121560,4058.0
532320,31.0
9310,691.0
766320,
1837330,
1880230,
339850,
1592320,
32500,957.0
709440,
1678420,37.0
789910,
312360,125.0
658850,1888.0
433320,
342480,
969760,251.0
794240,
316890,332.0
219990,61093.0
889750,
1500,285.0
237950,187.0
6920,
498240,2115.0
958400,704.0
861540,2976.0
237740,
6080,48.0
257990,
1118240,815.0
1480560,2053.0
7830,305.0
23500,
296210,20.0
506510,
589530,300.0
286770,
1172620,66632.0
306550,
752590,4030.0
1114900,
880850,434.0
1608700,656.0
1599340,1324761.0
27800,
627450,33.0
1421790,535.0
656460,
40390,1806.0
501790,88.0
1000410,504.0
355310,
217790,
434740,
466300,929.0
491770,
282210,3387.0
9980,
205060,
377080,
374320,129831.0
1414850,9120.0
1304340,561.0
91100,
1097790,75.0
297130,4309.0
260330,
209670,62137.0
696810,
446560,
304430,3840.0
9940,85.0
47540,337.0
252450,3571.0
464920,23722.0
984800,492.0
489830,69777.0
544330,3363.0
255390,217.0
729370,
263720,
1685750,537.0
525700,616.0
666140,13265.0
271670,91.0
1050880,
392110,53435.0
795100,1643.0
1151640,49582.0
380750,
233210,
1080490,
274310,
1514930,
633060,375.0
280850,
562620,
400800,425.0
393190,94.0
263860,
457730,229.0
251830,
898890,241.0
235380,1041.0
1209490,674.0
369110,168.0
284750,232.0
872820,1771.0
1889930,623.0
1237950,10345.0
1873920,
3260,
310740,74.0
379430,95863.0
669290,127.0
288470,6001.0
411330,
1099410,4638.0
351920,1101.0
1611910,12395.0
574090,
241560,
8310,
507050,
284830,
1060210,
1650810,
1102190,14037.0
25700,
40100,1632.0
1466860,73629.0
251230,
21130,1113.0
257690,
301650,296.0
35130,490.0
374030,
49600,
1153640,947.0
450950,
99120,
289070,162314.0
752480,
502280,1271.0
215770,
289300,105.0
301970,
1062340,
1792250,1505.0
32660,
1046400,244.0
333420,5533.0
690120,
644930,22295.0
696940,
1053710,127.0
405710,2598.0
557750,
3270,56.0
1539620,
359900,
733790,468.0
57200,
455400,291.0
1016720,
220240,23042.0
70,33467.0
1134100,1001.0
1222700,8548.0
251690,309.0
853500,
228260,2627.0
21690,2568.0
242680,1213.0
288060,
212630,2230.0
1038300,35.0
1080110,23766.0
1422410,
1490890,7939.0
228280,3756.0
1556200,1491.0
1016800,3927.0
415880,
201790,15806.0
244870,
46550,
368390,255.0
45740,1984.0
540010,6.0
337680,
235460,11964.0
739080,
24200,3112.0
396280,22.0
209870,
788100,6259.0
32610,
6000,1239.0
606480,
296970,909.0
859350,10.0
2270,77.0
368340,3368.0
6370,
492290,154.0
1612780,823.0
1177020,14.0
469820,564.0
293440,
1040420,1111.0
321710,
332250,
215510,
230980,
92700,
21010,
301860,501.0
308040,
50300,13940.0
345080,
429690,
42900,
1238880,282.0
621220,1249.0
107100,4063.0
227760,1258.0
367520,20169.0
678960,33804.0
1569040,88706.0
130,3070.0
600130,142.0
1494260,
32420,
408650,
373990,
359600,54.0
6020,2306.0
922500,175.0
621970,
42960,3367.0
402060,
269730,206.0
1183510,
579720,
1004750,678.0
278930,
1237970,27547.0
215390,39.0
1674640,
207000,
851670,76.0
15620,4274.0
577580,
6400,19.0
1254620,
262830,473.0
589670,
1025250,248.0
1374840,2037.0
518920,210.0
250030,291.0
549260,
720350,
1065180,66.0
1071870,1629.0
377480,
368620,381.0
702890,2746.0
1112890,399.0
63910,385.0
848350,419.0
510240,
236730,
207690,428.0
434050,320.0
204760,
1345760,
628330,
437690,
696170,2435.0
560000,
2620,207.0
1659040,10877.0
1086940,875343.0
1062140,344.0
7220,38.0
837940,
360510,
370460,
794600,1929.0
396900,622.0
236150,19908.0
493900,3258.0
1095040,157.0
1035120,1307.0
1740720,2481.0
590690,
265690,
349270,
19800,53.0
401360,
787810,1616.0
747360,
316750,
1243830,3077.0
282140,4015.0
308060,
945680,
1030210,3849.0
46500,1243.0
860620,107.0
361420,17891.0
1225560,327.0
358810,
712730,333.0
307690,4000.0
328940,1017.0
1546100,
278810,
690040,3718.0
612570,539.0
580200,1299.0
201810,11808.0
265000,
214170,300.0
238630,
410710,548.0
390340,428.0
1547380,
637100,2020.0
487120,7720.0
246840,349.0
1267540,989.0
425310,
65730,
6420,199.0
12150,315.0
465760,
1184050,6401.0
374190,639.0
268990,99.0
365770,
863550,356867.0
443810,3093.0
248610,2020.0
1642170,23.0
934780,905.0
626690,21727.0
438740,16077.0
1137350,278.0
1119700,1499.0
1062830,636.0
20550,84.0
1116770,
1126190,53.0
538680,1601.0
233450,16211.0
999020,498.0
306760,1912.0
421120,455.0
452410,
441380,937.0
396750,1403.0
464650,
1703340,6477.0
207490,870.0
936790,7428.0
555950,462.0
285160,5549.0
502800,1088.0
1096410,144.0
1041720,6219.0
784080,6472.0
408640,129.0
226840,18477.0
221910,4818.0
1240440,256619.0
355790,1231.0
235800,473.0
207190,
40930,120.0
1307710,455.0
1279630,181.0
427520,118166.0
111900,976.0
307580,
1019310,
1173820,4482.0
501590,1547.0
356180,
814680,158.0
1155460,
1367420,
363420,
313630,
1217220,
339040,32.0
582270,621.0
1109690,55.0
618650,
9350,578.0
205230,3165.0
528160,
232090,69246.0
313120,5984.0
1075080,
690620,
287290,3659.0
310080,404.0
253110,187.0
1286680,14957.0
411830,1017.0
1000760,
265930,10022.0
282050,
255340,
700600,26509.0
58570,77.0
1225580,43.0
715380,
246720,
785790,605.0
332620,51.0
1280930,2409.0
224040,44.0
704860,
950050,
833950,7.0
1112570,
102600,4548.0
294590,15.0
292030,103329.0
429660,8018.0
1670,
489630,11117.0
306660,910.0
277430,642.0
461950,729.0
284410,
368000,
1458100,801.0
1354830,570.0
2630,775.0
1373430,616.0
47780,992.0
600480,903.0
802450,51.0
300610,119.0
543870,181.0
389050,
711540,273.0
320140,342.0
510490,99.0
65530,612.0
488950,
1042670,
1383960,121.0
750130,958.0
46340,
988910,680.0
264240,
205020,
761460,82.0
812140,61984.0
214490,10761.0
254370,1216.0
1203710,432.0
824570,
905450,
10680,1154.0
466130,1994.0
12790,
244690,
289800,
409850,228.0
57700,13.0
238010,3392.0
99700,88.0
799640,
889910,274.0
1323540,
865940,
1137680,
417430,2988.0
1370140,304.0
303550,25.0
323320,693.0
1045620,511.0
1065320,10.0
969990,5058.0
485510,10588.0
398850,386.0
269690,104.0
1140100,
350080,3025.0
57000,
70420,
586430,100.0
232790,3134.0
864060,169.0
1662480,
245150,
242820,
94400,2136.0
1363840,198.0
431120,
1246250,
341940,3085.0
11260,136.0
225080,2019.0
98800,1845.0
464150,286.0
371140,833.0
251570,124449.0
366970,
34870,3629.0
269330,
674520,206.0
842120,
246580,559.0
606370,214.0
914800,673.0
550440,
460120,1131.0
219890,2352.0
804490,719.0
962130,31923.0
749560,
695290,1108.0
801630,959.0
38460,
1502560,36.0
256290,2692.0
1015890,103.0
1093290,74.0
377470,
18120,
1149550,361.0
751060,
102850,
1642620,121.0
12180,73.0
899770,258503.0
211120,
728530,10397.0
924980,6794.0
1368030,2752.0
525480,1970.0
1605220,7986.0
1240210,1327.0
316180,
1135300,5919.0
249050,34949.0
767390,260.0
1582680,147.0
1494470,208.0
1570480,
577910,
1316910,296.0
1733880,
252230,
449960,2054.0
1106830,25.0
234490,
425410,
336840,
10140,16.0
269190,731.0
21600,
617830,4734.0
636570,150.0
377870,498.0
803330,6279.0
711750,
238280,
12710,1349.0
487040,
25890,1548.0
217290,
9800,
956030,266.0
290510,
329240,
646050,
281940,
1110100,363.0
359220,
263620,180.0
792880,
1088710,2637.0
232750,1445.0
331450,17.0
24480,
569860,2733.0
582980,
25930,66.0
45770,725.0
252950,146902.0
1042380,478.0
34830,1586.0
207140,17131.0
1094520,21047.0
1221250,111.0
525240,
548430,53558.0
814370,1376.0
204880,91159.0
229810,216.0
338390,1819.0
1105500,905.0
885150,143.0
402570,3591.0
34274,
648780,
1079800,194.0
748360,
227100,3168.0
1077970,
699670,
6300,
699540,
757310,755.0
1420300,55.0
289500,
594330,1164.0
512250,1181.0
1229420,
39630,24.0
1097840,9878.0
530950,170.0
50510,
572410,4606.0
43000,
265950,
366870,
322900,
729000,337.0
886820,249.0
525920,3305.0
229790,
1398100,
367500,27259.0
1157220,908.0
311240,1883.0
746580,1754.0
468930,
1476170,
311080,
242920,24568.0
692030,289.0
1179210,472.0
705620,
239800,249.0
586200,1737.0
32350,156.0
235320,141.0
297570,
817540,
206420,42076.0
213670,34645.0
12330,
375900,2042.0
629760,60204.0
298900,11250.0
9760,34.0
424840,77529.0
460700,
233130,24792.0
262550,18.0
927350,
15390,80.0
648350,60296.0
319170,45.0
1154040,1677.0
31880,22.0
510290,
344030,
292120,8320.0
233290,1624.0
658700,90.0
271590,360761.0
279720,
451310,
630310,45.0
1097350,4605.0
1016930,
575970,
312750,638.0
1049890,3695.0
423590,
431240,20592.0
1122680,
13520,1235.0
390720,
845880,
323190,29195.0
115100,742.0
378540,5967.0
889510,198.0
292730,15312.0
751780,13403.0
490080,
2990,914.0
11150,
244160,17778.0
367080,
588650,14880.0
8850,912.0
363440,466.0
918570,12222.0
1931240,
794580,92.0
1160220,291.0
1205450,354.0
473690,18921.0
728880,15004.0
1158370,1785.0
2200,116.0
260690,
537800,9600.0
1610460,335.0
1267930,
287980,2101.0
261740,
314180,
627270,2093.0
1144770,2695.0
991560,502.0
267490,141.0
45760,5472.0
267060,
41500,3025.0
815370,19619.0
233150,605.0
1575640,
102810,
1405790,
382140,376.0
326840,110.0
347720,
406850,
15740,120.0
621010,
278360,189049.0
1194630,4978.0
1346400,
633230,6303.0
21030,
651150,
404590,4043.0
550320,421.0
1220150,286.0
1100420,136.0
346110,247292.0
342310,776.0
899390,
392470,1160.0
202750,738.0
838380,2095.0
574980,1396.0
1121780,222.0
943140,75.0
71390,
16300,
1229380,799.0
205080,
1266220,
470210,
473530,
714080,84.0
844590,297.0
248310,329.0
617480,665.0
719750,88.0
629860,18.0
23310,1195.0
1199030,3270.0
17390,5549.0
886060,
1297330,
244710,
9050,560.0
235820,
24720,1511.0
390290,
361200,
1198400,
307430,313.0
22320,1371.0
232430,1198.0
1198590,
46560,56.0
955580,
3800,
226860,6225.0
1049710,
325610,26237.0
577700,
1271250,
256370,613.0
1140270,1153.0
1016120,5408.0
842750,
1054490,1452.0
1140290,651.0
20510,1419.0
354740,60.0
1085660,316651.0
1063730,913027.0
233840,2084.0
475190,182.0
204360,15960.0
1196590,106631.0
807120,4238.0
252630,424.0
640590,5388.0
626600,
352900,
9900,7402.0
231020,
46510,1289.0
46410,
1034900,87.0
494360,
354380,589.0
845030,
981770,
846470,280.0
613100,15856.0
253150,189.0
204530,1252.0
1016790,168.0
443860,
1377920,
359100,357.0
389670,112.0
848450,42057.0
209690,
388060,264.0
230840,
1175190,19.0
205650,655.0
70600,565.0
45400,190.0
3710,
1417880,
61700,540.0
255280,
586140,4733.0
248190,693.0
1098170,
388210,1063.0
1119600,341.0
433290,15.0
919640,2257.0
501320,226.0
964800,716.0
1716120,1293.0
22300,2653.0
23700,
400110,
253690,71.0
759740,1030.0
905340,278.0
31270,228.0
382420,
738520,6800.0
1586880,
1001800,
1257310,
790540,
544730,7163.0
601430,9846.0
342100,
801480,318.0
1190170,391.0
21000,1017.0
239200,7133.0
233980,3042.0
1386870,
620590,4962.0
1069690,2063.0
790350,
842910,
1060220,397.0
332260,26.0
322950,151.0
543010,68.0
726830,646.0
236690,6503.0
263380,
12200,1978.0
730390,176.0
593640,73.0
235070,
325520,
1073910,2290.0
751630,872.0
384000,
94590,
324650,
7210,
32370,5593.0
446800,12517.0
384630,402.0
1097100,
408250,
347160,
19000,77.0
881100,9144.0
1406250,
572050,27.0
1259790,1826.0
250180,2879.0
1013220,
882020,513.0
1301210,
318600,6158.0
225420,1736.0
263300,264.0
411310,61.0
109600,14822.0
1087760,209.0
17080,
535930,34014.0
275570,
327310,90.0
352550,
884260,115.0
963450,
714370,326.0
909820,53.0
1451080,
234630,10688.0
334280,
213330,507.0
477740,945.0
251150,2011.0
20530,326.0
220460,
268500,132677.0
1044620,447.0
12360,468.0
6900,232.0
1783750,
1110050,52.0
898750,16817.0
1440440,160.0
115220,55.0
22180,202.0
907470,
234270,466.0
336140,322.0
304650,4030.0
1446650,2169.0
1248130,96402.0
1496250,46.0
443880,
254440,823.0
4780,
489140,346.0
7260,48.0
201230,631.0
322910,
8400,
45300,415.0
386360,31169.0
504110,12.0
445980,6436.0
579820,
377860,334.0
214700,118.0
554620,16127.0
289690,3399.0
327060,
45720,
109700,
1331440,837.0
1293160,1794.0
415300,
445190,2886.0
319510,1477.0
48700,32799.0
600370,
480490,24594.0
1046790,74.0
1492310,41.0
388320,
227300,69695.0
1125910,119.0
1084990,
57690,10860.0
1234120,6.0
774811,
63940,120.0
40340,
423950,
232050,115993.0
596620,
858820,30930.0
403190,6667.0
238960,228398.0
413150,236614.0
498500,
1593500,73529.0
1024650,1107.0
327520,
1413870,400.0
873940,1479.0
382130,
57300,5566.0
1448840,
261570,13048.0
1285670,123.0
530350,886.0
553960,
274480,386.0
1151340,72930.0
4520,
516130,
1368820,533.0
390560,377.0
690810,180.0
4300,
585450,902.0
2780,
1189800,
211180,244.0
391030,
418530,6937.0
925570,
204180,680.0
762220,83.0
249870,628.0
324140,373.0
782330,84865.0
1205480,102.0
609420,
317620,389.0
753590,86.0
96000,163735.0
1202820,
1271100,103.0
1296980,
427250,598.0
274190,4285.0
1517290,107006.0
1030060,
91700,1860.0
300340,
322500,5533.0
284240,261.0
1217060,35002.0
1578650,698.0
274520,1295.0
524580,944.0
1515950,481088.0
307780,13649.0
331190,
378860,6726.0
968370,
597700,
206370,141.0
296180,
1150590,
627910,
1295500,2589.0
704270,11386.0
365660,110.0
1586700,22.0
1500490,2.0
19900,1482.0
57800,
253030,6371.0
269710,13135.0
717610,
853050,24.0
107200,3595.0
323220,499.0
465200,497.0
218680,5118.0
557600,809.0
871980,6179.0
1210550,21.0
1136370,2983.0
1295920,1378.0
1282410,3038.0
1811040,
1546400,291.0
1866180,1188.0
1122700,
1388870,508.0
1313140,56262.0
1328840,507.0
946030,124.0
1649080,7510.0
1817070,66093.0
1490340,30.0
1288320,6912.0
1027810,
1319460,123.0
1760250,6024.0
1726120,310.0
1294420,
2081470,
1747830,
1343240,3194.0
1859470,315.0
1284210,8252.0
1669420,149.0
1777620,5685.0
1390410,765.0
824550,21909.0
1148760,682.0
1921340,
1372110,5023.0
1771360,
1866430,
1350200,385.0
1599020,262.0
1408610,5838.0
1266700,2866.0
1324340,2039.0
1154830,
1708520,23797.0
2061250,138.0
1659600,370.0
1293730,164.0
1885750,
1099640,199.0
1919590,58662.0
1967510,365.0
1283400,2799.0
1666250,
1401590,14314.0
1890740,89.0
2058190,2230.0
1558930,
837880,409.0
1401400,
2058180,5604.0
1170080,609.0
1061910,2682.0
1556790,5408.0
1294880,19.0
1155970,599.0
1080450,
595500,687.0
1839510,40.0
2060130,10536.0
1602080,592.0
1039100,
1337760,4894.0
1896700,629.0
1399080,1253.0
1269640,175.0
1416050,610.0
1743850,346.0
1851020,
1337920,131.0
1374970,269.0
1182310,227.0
1727180,
1532460,50.0
1954200,2618.0
1637320,6487.0
1839940,430.0
1492070,5992.0
1961950,225.0
2006140,296.0
1684930,698.0
1931690,
1677770,587.0
1924810,56.0
1276760,4054.0
698670,5387.0
1898290,1271.0
1158160,15387.0
1620040,32.0
1588010,3773.0
1663640,174.0
1911800,6.0
1324130,8778.0
1731070,1665.0
1284090,
1580520,1487.0
1969440,
865680,268.0
1718570,7787.0
1850510,1971.0
1659420,10733.0
1874490,4570.0
1766100,567.0
1378990,454.0
1687950,35298.0
1496790,23923.0
1647550,251.0
1182900,4903.0
2059670,58.0
1454970,399.0
1324530,929.0
1676130,1907.0
1506440,
959860,
1868140,98281.0
1938090,488897.0
1717270,
1998330,106.0
1904540,83572.0
1262350,862.0
1599660,729.0
1776380,4420.0
529340,69663.0
1336490,12832.0
1515210,11533.0
1730590,594.0
1816300,3354.0
1492730,572.0
347800,670.0
1577250,
1668190,
1451090,10671.0
1318970,
1981570,1125.0
1849900,779.0
1535100,
1963210,721.0
1939160,3074.0
1237320,19104.0
1919470,64.0
1701800,
1629520,2816.0
1983850,7.0
1567020,3596.0
1671410,220.0
1336180,789.0
1361210,107450.0
2012100,
1205520,1250.0
1962430,702.0
1817190,12641.0
1358840,
1630110,85.0
1286580,2319.0
1065310,3059.0
1846380,14053.0
1912380,65.0
1793030,2397.0
1817290,11.0
368260,15405.0
1872680,167.0
1544020,15556.0
2208920,15431.0
1321680,570.0
2059960,
1229240,2198.0
1867530,168.0
1766740,4033.0
736820,6034.0
975370,28288.0
1113120,17143.0
1583230,11583.0
1920480,826.0
2221920,2288.0
1586800,420.0
1823930,151.0
1608070,8043.0
1429500,608.0
1591450,130.0
1585220,322.0
1532690,502.0
814000,7466.0
1108000,284.0
1452070,
2221490,14838.0
1942010,
1201270,334.0
2231450,8744.0
1680880,9824.0
2239550,4997.0
894620,
1817230,6043.0
2141820,
1717640,
2231380,14335.0
1932160,335.0
2002850,4.0
1581770,3663.0
957960,172.0
1094590,
2069180,151.0
695330,
1920100,
1282150,1334.0
1345890,881.0
2020030,
2055290,101.0
219740,16556.0
990080,527652.0
1649240,6643.0
1351080,6250.0
1592540,
1938010,28475.0
1982340,
1296450,181.0
1413660,
1981610,260.0
1998340,859.0
1530160,1669.0
1971650,16994.0
1266030,500.0
1805480,8378.0
668580,37222.0
2005680,
1326470,411804.0
1677280,30243.0
2200580,
1094720,26.0
2139300,298.0
1196090,215.0
553540,5607.0
1448440,75373.0
1783360,
1085220,62.0
1944850,
1192810,
2106840,712.0
756800,8104.0
1920490,1292.0
1430680,144.0
1985810,3637.0
1985820,625.0
2058750,428.0
2000950,3581.0
1998450,
21640,
1942660,6535.0
1624540,1475.0
1947500,455.0
1999770,7118.0
457260,5.0
1593030,4540.0
1402120,301.0
1050370,
2109370,3553.0
1579280,
2138710,3136.0
1562430,12686.0
1888930,24521.0
843390,264.0
1677350,1363.0
1453900,65.0
1358700,2512.0
1194810,2996.0
1663220,592.0
1608640,245.0
1928870,5088.0
1811990,5064.0
1949030,724.0
1621990,
1976950,684.0
1649740,
1698220,
1851030,
1457080,2984.0
313870,
1911360,231.0
1651560,4228.0
1321440,2764.0
2176930,53.0
1822560,
1774580,67583.0
1607240,270.0
2162020,
2014380,465.0
1623940,592.0
2023360,
1701520,2056.0
1493750,568.0
1245560,6062.0
1179580,5001.0
303610,734.0
1294810,1560.0
1669000,42826.0
1155330,530.0
2001340,139.0
1924170,175.0
1940340,23679.0
2096620,10.0
2369390,19996.0
2096570,
754890,796.0
1831700,
2217420,
1451810,1004.0
1304930,36332.0
1406810,54.0
2005010,5255.0
1265780,502.0
1644320,3095.0
1649010,1369.0
1608230,443.0
1062810,3165.0
2243670,
1487210,509.0
482400,7808.0
1426010,238.0
922050,
1730700,805.0
1903620,337.0
1364780,70540.0
45710,
1299510,141.0
1431850,
45730,
541310,
1672310,104.0
2172860,
2100160,561.0
2127430,
2193050,
1944430,1520.0
1905020,273.0
2290180,5218.0
1966420,82.0
1634080,
2108330,14432.0
1710540,139.0
1368130,1412.0
2379390,2338.0
1272840,66.0
2360690,
1946700,697.0
1542110,
1150440,8893.0
1432100,307.0
1164940,1900.0
1913210,1428.0
1956040,1712.0
2111170,1528.0
2275150,113.0
2176430,
1084160,25332.0
1574310,724.0
1286320,4975.0
2009450,
1852650,
2138090,588.0
2021210,
817020,
1736290,131.0
1382070,607.0
1515640,920.0
2213300,306.0
1574260,1009.0
1895880,8038.0
1282100,110756.0
691790,
1819450,43.0
2288070,50.0
1638230,762.0
2132540,
1967260,298.0
1491670,153.0
2287220,6352.0
1421490,156.0
1622710,80.0
24840,389.0
12110,1212.0
841370,28864.0
1433140,17141.0
310810,
2009100,482.0
205090,
252290,
107800,
47700,382.0
17300,2032.0
348710,489.0
37010,
1351210,851.0
12100,619.0
564070,
385760,14844.0
230310,
1089350,48367.0
226580,2356.0
555340,
647590,
17430,586.0
664430,2411.0
286570,83968.0
452540,
97100,521.0
468000,102.0
365190,
737800,9559.0
205190,
1340480,685.0
356050,
243120,713.0
510510,
402430,973.0
2114740,9011.0
275610,
678030,
511440,
817130,1481.0
458680,
729220,
601770,236.0
1641700,181.0
1230530,2010.0
515220,8085.0
996470,20951.0
1650010,799.0
12120,3387.0
97330,3946.0
1015500,933.0
200940,379.0
367600,
1888160,156022.0
49470,707.0
1098293,
2140330,9488.0
463700,
267750,718.0
284790,
391040,5647.0
17450,2634.0
816020,9858.0
492760,
71113,
1097800,94.0
337180,
328600,
1454890,246.0
37700,
1920780,763.0
410380,
592890,
291410,
469830,
246700,
27330,
554510,442.0
394230,
476360,
255220,3539.0
210870,
357010,
224600,
359450,
239720,27.0
1983970,
1239950,
1545560,3911.0
1530470,193.0
1654660,424.0
1975440,281.0
1911220,6.0
1538970,2915.0
2079180,
1931730,174.0
1147330,
1353230,6915.0
2223740,
1549690,110.0
1310330,265.0
1244090,8597.0
1867510,
1436700,1554.0
2103680,
1849250,3960.0
2217580,196.0
1346020,605.0
2440510,4507.0
1485590,7935.0
2450820,
1658150,3436.0
2519060,
1627720,19597.0
2295970,
1566880,1873.0
1437400,569.0
2216830,1283.0
2086360,
1960110,
1931010,603.0
2172180,
1676840,28528.0
1602560,
2380513,
1943420,
762940,196.0
2022670,1783.0
2238900,8019.0
1812370,332.0
1622900,4752.0
916350,
1716740,330597.0
1446350,90.0
1260320,57806.0
2224740,
2243710,362.0
2358260,878.0
1963570,2986.0
2471130,
742420,2975.0
945770,408.0
2375550,13737.0
1681430,4953.0
1540350,
1937780,4858.0
2560250,
2002860,
1844380,1556.0
2254740,2193.0
2051120,296.0
1249040,258.0
835960,7258.0
2142260,
1202200,1506.0
1351000,
2338140,1439.0
1333200,992.0
2142330,78.0
1636030,33.0
2144740,1969.0
1895810,
2258500,321.0
1419620,
1708010,601.0
2357400,73.0
1904790,255.0
363860,
1898500,105.0
731040,1207.0
1989270,2546.0
2296990,22179.0
1928020,16.0
2059660,128.0
1469610,5650.0
1337520,41838.0
593150,1014.0
2344520,55561.0
1167750,690.0
2478020,16.0
2272400,405.0
1661630,1085.0
1355090,892.0
1150530,3844.0
2395210,1791.0
1796220,631.0
1971870,26576.0
2008420,
1760330,
1234430,119.0
2304640,113.0
1902690,9254.0
1546310,89.0
2160480,212.0
2456960,
2017080,1578.0
1812560,63.0
2460490,3.0
1479140,445.0
2142240,
2291020,
1876890,22618.0
1687000,765.0
1617220,
2230110,5690.0
1913740,206.0
2060870,97.0
1012570,
2250600,2581.0
1931770,1570.0
1644940,368.0
2338770,30114.0
2673080,
1643310,3122.0
2623050,
1020790,1663.0
1977170,350.0
949230,76549.0
1402110,1238.0
2252570,88894.0
1497440,392.0
1677310,392.0
1163060,
1568970,
2140020,9555.0
1272080,69112.0
1274600,2056.0
1580180,
2134770,2615.0
1540210,564.0
2186680,37094.0
1240060,68.0
2328310,2032.0
1190970,21829.0
1924430,179.0
2157560,7029.0
858030,19.0
2644520,
2633500,37.0
2680190,
1553000,1276.0
1747760,867.0
1674920,113.0
2097230,534.0
1778820,46139.0
1523650,120.0
2187220,4440.0
2072450,46029.0
2008510,37.0
2076010,2165.0
1924360,352.0
2378620,1110.0
2161700,36703.0
881020,113179.0
2114300,
315210,13459.0
1877020,5213.0
553850,458208.0
1880470,
2386310,272.0
2436570,702.0
2080800,
850190,2562.0
1924780,158.0
2478970,6759.0
1893810,1108.0
1759380,1356.0
1839950,2382.0
1903910,
1955230,228.0
2379780,43825.0
2243510,2.0
1458140,18428.0
1781260,228.0
2685090,
2292260,374.0
2591070,
2153350,285.0
1996430,1244.0
1519090,2887.0
1561340,61.0
2533960,525.0
2235020,242.0
1521970,955.0
2085370,537.0
24880,864.0
2569820,58.0
2214000,
2398170,512.0
1013140,1114.0
1808680,589.0
809060,
1684350,2733.0
2315690,8721.0
1351240,1115.0
2446550,6772.0
2477340,2726.0
2741560,516.0
2420110,40427.0
2054970,228285.0
1496590,104.0
1309620,99.0
2076580,
1268590,5907.0
1497360,
290100,396.0
1214650,3731.0
2750080,888.0
1430220,302.0
1409830,472.0
2835570,20135.0
2905090,
1634860,1340.0
1438480,29.0
2089830,38.0
1403440,555.0
1671360,63.0
1840800,352.0
2113850,4167.0
1309950,218.0
1425350,160.0
924750,236.0
2632930,
2698940,3705.0
1979440,1350.0
1785650,3693.0
2085000,1689.0
2685590,
1658280,8338.0
2666510,20876.0
2527580,
2450450,788.0
1887840,4692.0
2316580,232.0
2240790,253.0
934700,12054.0
1733240,157.0
2376270,
2865440,262.0
1373960,1105.0
2581700,995.0
2104880,
2414550,
1177980,2936.0
2739830,840.0
1996010,832.0
1640630,
813230,8107.0
2095950,27.0
1885110,394.0
1293910,
1128860,3579.0
1840080,4315.0
499180,284.0
2008920,559.0
2111190,784.0
2818260,4777.0
2719200,304.0
1456760,468.0
2215430,77154.0
1812090,247.0
23300,
32330,356.0
504920,
1237980,594.0
624970,285.0
1282730,51078.0
1378070,
1301950,51.0
26000,65.0
887720,
1090630,3367.0
274940,10775.0
1904860,1492.0
242570,3505.0
499210,5.0
1303950,
200910,
218740,
208480,14913.0
252330,494.0
393080,1396.0
501300,550.0
874460,69.0
670900,
1375400,257.0
18050,
311770,450.0
1466640,2260.0
25900,598.0
24400,145.0
1144200,55174.0
573660,10.0
416790,
939850,4518.0
1732330,
1836860,579.0
218640,1477.0
1222670,96185.0
40300,1382.0
887370,
352960,
648580,555.0
656350,3234.0
324570,117.0
409320,44.0
1368870,303.0
1091500,830387.0
855640,85.0
1222140,21045.0
1497450,
1432050,3489.0
1280300,
408520,
1233260,1923.0
313780,
202990,70819.0
604540,7728.0
6880,309.0
494600,
962700,
732810,
522210,13927.0
19810,
673880,2758.0
736810,38.0
785880,
2450,
454610,
434310,
12130,130.0
290260,77.0
244810,
250900,70483.0
1011390,466.0
308270,
32430,1913.0
586950,
317850,
1311070,149.0
363150,11879.0
975150,
1307580,388.0
1218210,3987.0
285190,25587.0
1333470,109.0
11550,
421020,4379.0
471810,149.0
899310,141.0
1009290,8493.0
820630,
1130710,
1549970,15550.0
1755100,61.0
206440,629.0
1506830,108168.0
310560,18902.0
1714580,70.0
536280,
1154670,108.0
2461850,3892.0
2146570,74.0
1658920,556.0
2637990,415.0
2653940,645.0
2229560,352.0
1889740,66.0
1781010,
2060790,59.0
2994850,1.0
2238040,133.0
1809540,6493.0
2081080,387.0
2488620,13327.0
1556100,3335.0
1235100,
1283230,371.0
2662630,0.0
2552440,202.0
1875830,21749.0
2356560,1977.0
2146170,87.0
1921480,
2933080,7586.0
1622910,729.0
2379910,243.0
2840770,2580.0
2076140,564.0
2839280,57.0
2556990,584.0
1231990,365.0
1978590,1072.0
1712350,1659.0
1983260,486.0
1574820,626.0
2596420,86.0
2291060,18497.0
2424110,
2481020,92.0
1832040,541.0
2891280,25.0
1939970,1119.0
1519710,
1286990,398.0
1619230,
2419090,595.0
1991300,
1783680,73.0
1771980,1122.0
2195140,
1610440,565.0
2510710,1567.0
2231190,158.0
2562900,
2337820,
1277130,74.0
2591280,8092.0
2396240,1276.0
2305840,2396.0
2366980,655.0
574720,2741.0
272470,1688.0
33220,3856.0
21780,59.0
329460,
245620,13445.0
23530,
379720,31623.0
208670,247.0
207530,
427510,227.0
976920,
1665130,92.0
687270,
275810,24.0
601840,7545.0
356210,
280180,
536270,2841.0
34630,11.0
371550,
370910,336132.0
1369520,
222730,4178.0
952060,32635.0
205070,27.0
595740,118.0
395160,266.0
948640,285.0
1265820,1449.0
1388880,6912.0
1259800,225.0
462780,2890.0
1502080,
7770,
680700,
115120,702.0
287700,90952.0
421790,
895600,
935570,
447120,
920210,82446.0
324070,
224900,6041.0
585190,
47870,2969.0
387340,
369070,216.0
293680,
8000,461.0
368430,141.0
690640,1713.0
354140,3184.0
247240,
391730,4475.0
571530,
233700,1298.0
275850,212321.0
1244460,17298.0
1225590,82.0
438430,308.0
38230,26.0
258220,
647570,
1238810,114017.0
1577120,6278.0
55140,408.0
445020,
564230,1675.0
456670,2868.0
609920,153.0
295490,
345140,
95300,
774511,
42170,763.0
239120,785.0
306440,
1046030,1761.0
638990,924.0
13560,421.0
1132220,
31800,25.0
7020,55.0
545040,
80,3466.0
343860,385.0
1037130,431.0
1163560,
96900,
1163550,3630.0
350640,2906.0
603400,
277110,
1346600,
1299360,172.0
236850,47844.0
680420,125123.0
236090,2651.0
490450,215.0
762180,
798490,1664.0
986800,146.0
1024480,
40380,
497850,424.0
276810,2715.0
523650,399.0
401810,
311560,2361.0
728240,58.0
1259370,3.0
207930,
92600,
303340,
1644960,46628.0
622870,
1818750,153044.0
284850,711.0
1803840,
563190,
48720,2239.0
1087440,
1373080,
772290,17.0
222880,121264.0
1150080,5184.0
405820,357.0
906100,1027.0
455910,129.0
1383700,
260530,
396310,
1046300,249.0
307570,48.0
1522140,22.0
427290,16087.0
279940,404.0
837470,1981.0
446990,
774441,
46790,
944080,37.0
1135690,2039.0
1370050,831.0
385560,389.0
340000,
34800,7.0
203630,3403.0
72850,90780.0
220780,1032.0
779290,1207.0
1129580,31057.0
48220,8827.0
228380,3827.0
48110,394.0
656550,
234920,
719800,
425220,850.0
1049410,1255.0
1456880,
1142100,
251630,123.0
35000,254.0
292410,2191.0
251290,820.0
388410,2903.0
334100,11.0
284970,
673190,
597180,3565.0
841190,1150.0
281200,301.0
353700,
1220100,
777770,
910490,2769.0
1332010,51455.0
803050,8256.0
254860,
1066030,
686740,
824600,438.0
711660,232.0
236450,3692.0
1016760,
982290,1120.0
258950,
419480,1246.0
628660,22.0
277630,77.0
390310,
835950,
224480,1810.0
8320,
635320,
333130,
1084600,21620.0
73220,82.0
916730,905.0
1289380,2141.0
1251460,69.0
994140,
476650,82.0
1424980,
489260,
347000,
1277840,
258910,
490490,22.0
631570,110.0
626580,
1295270,2551.0
1149710,
274170,18882.0
341800,3359.0
513690,16.0
63610,82.0
339830,
1127980,919.0
595520,8362.0
1574240,1121.0
619880,167.0
1225570,933.0
351710,1283.0
13540,113.0
1694600,261.0
691690,997.0
375230,
1134570,25575.0
553640,3173.0
225280,462.0
503940,5404.0
29900,1961.0
40990,9066.0
1034750,
1407200,9468.0
8930,91020.0
1874170,677.0
245490,2485.0
32440,1933.0
411300,22871.0
1041920,
1551360,80745.0
331760,
97000,2687.0
343280,
231160,890.0
297350,
239140,45770.0
274270,222.0
208580,6544.0
1257860,23.0
239030,6038.0
377840,8193.0
436320,
824280,73.0
40700,720.0
361300,1240.0
1455630,523.0
764300,60.0
294730,16.0
361550,
307340,972.0
950180,
6830,162.0
1371690,305.0
58550,
246070,
1233800,
1535780,
226720,894.0
275180,
368680,26.0
671440,1353.0
39560,
312670,22318.0
808770,
441350,
909570,
454650,13570.0
374520,
1570010,706.0
241600,8049.0
1222680,85230.0
690790,5074.0
1238060,1083.0
1685460,305.0
209750,39.0
64000,1427.0
15210,235.0
858100,
208460,65.0
412020,15357.0
207040,259.0
9460,65.0
746940,
1425730,106.0
757200,41.0
1020540,
3900,1389.0
369990,1709.0
628200,301.0
567640,4667.0
840720,460.0
345820,483.0
1330470,4991.0
1122120,305.0
1198040,
716500,110.0
57400,
368450,
1552550,684.0
8500,10229.0
1195360,
1399780,5447.0
1242980,338.0
15280,
730820,374.0
12770,203.0
332330,183.0
646370,
584400,11883.0
337850,305.0
2350,20.0
768520,3812.0
256330,245.0
514080,
1114290,353.0
1361400,176.0
269170,
203140,26039.0
1045180,178.0
528720,
698780,7402.0
390030,
493540,4205.0
804010,667.0
408120,
718590,
1075550,
383750,
249650,2348.0
4932,
15700,45049.0
1123050,1983.0
781480,
1562700,2535.0
209120,1287.0
3830,4406.0
667600,330.0
466630,160.0
859340,
1277400,34947.0
1617390,
324800,12484.0
250050,
391220,44501.0
683320,2467.0
612820,30.0
407810,
1384160,30939.0
809870,
777670,
298600,
954650,551.0
578330,804.0
1142390,92.0
331750,69.0
339190,107.0
641080,1750.0
1213750,257.0
389900,14.0
1475810,14082.0
677340,712.0
260250,808.0
255870,
365890,
451780,
596000,
686810,21086.0
27940,88.0
1587130,1085.0
260650,
612880,16050.0
19020,
520670,
742300,1605.0
544750,14486.0
320320,43.0
331160,104.0
1247570,29.0
764790,679.0
1529550,
392160,15074.0
6310,362.0
247870,
1285920,
