appid,user_score
1026420,7.1
22670,6.7
231330,6.8
552520,6.9
1293830,8.4
12140,8.9
368080,7.9
457140,8.3
546050,8.1
730310,4.4
1345820,6.1
435790,5.5
7940,8.5
110630,6.0
638230,8.6
975470,5.4
748490,8.1
351910,7.1
1089830,5.9
1308880,5.2
549860,7.4
809890,7.2
553260,6.5
3010,7.0
837610,8.7
1495860,tbd
239430,6.8
16130,tbd
237430,8.1
291690,5.6
410320,7.3
299480,6.9
523210,7.3
1278170,6.3
1095120,tbd
839770,5.8
1030840,7.3
1228870,tbd
1127500,7.6
634120,7.7
316260,6.3
559210,8.4
40800,7.9
226620,7.8
1172470,6.6
404730,7.5
236490,5.9
350970,5.8
438490,7.1
270880,7.5
45750,6.4
1420080,6.7
266330,5.1
11370,5.7
508790,8.3
651670,6.5
1275660,tbd
1222370,6.1
22380,8.6
710920,7.5
1455840,7.4
216210,6.0
464340,5.7
1213230,6.6
458730,7.0
356190,5.3
392000,6.3
471550,6.9
913740,7.0
642830,5.2
1140890,6.2
1233550,5.1
1191620,tbd
735060,4.2
1207650,8.1
21680,7.7
765880,4.2
227480,6.7
353540,5.9
749800,7.0
585910,7.2
470220,7.1
681730,6.4
979310,6.3
1203220,6.0
241410,6.9
278440,7.2
11040,7.0
265590,7.3
495140,7.4
840370,8.2
378750,-1
388750,7.6
527230,6.9
511740,7.3
296770,6.5
1189780,8.0
577940,6.4
371900,6.6
71165,7.9
1316800,4.8
821640,7.4
763890,7.5
589780,7.5
1262540,6.0
628890,5.7
581660,5.4
279260,6.9
31290,7.1
766680,4.9
793460,7.0
1015940,6.9
6120,6.6
1048740,tbd
251470,7.1
204120,7.6
1720090,7.0
462770,7.9
761600,7.6
1610470,4.4
1057090,8.9
324310,5.7
281820,7.7
28000,5.6
783450,2.8
1030830,6.5
1567440,8.5
441680,4.1
702680,6.5
1003890,7.4
1286830,6.1
1356670,8.3
312560,7.5
581320,8.0
260570,7.7
272620,8.3
17470,8.4
23490,8.1
1647730,6.1
1818690,7.3
940650,7.4
1937620,tbd
359870,8.2
542050,7.8
425460,tbd
1262580,3.8
802810,6.4
1236780,5.3
624120,6.8
273620,8.7
1323470,7.1
301560,7.1
359630,8.2
1097130,6.2
968350,tbd
317060,6.1
245470,7.1
522240,7.0
446550,6.6
1232010,6.6
564050,7.2
252030,8.0
960690,7.6
1413480,7.8
115800,7.6
415200,8.1
243970,8.0
775580,7.6
524220,8.9
423900,6.5
251430,7.9
247370,7.5
1148650,6.4
275390,7.7
32460,8.2
312510,6.4
300,7.3
298110,7.7
1385320,tbd
238750,7.3
719070,tbd
319740,5.7
447700,7.5
499890,7.0
925100,7.7
428550,7.1
237850,6.5
1079830,7.6
646010,6.9
436500,0.9
699170,7.4
887800,4.8
523770,6.7
19030,6.4
851850,8.0
1221330,9.0
420,9.0
12900,8.1
921570,8.3
356400,7.4
230070,7.9
808090,4.9
824830,7.6
488821,7.0
355860,tbd
21110,6.6
602430,7.1
416600,7.0
283640,7.9
643620,5.1
297120,8.0
725080,7.3
663670,8.2
298630,6.9
555510,4.7
42710,7.1
3330,7.0
609150,7.0
219150,8.5
1172450,7.4
279440,6.8
870780,7.3
1386900,7.3
429330,7.1
269030,7.8
200230,6.0
730430,6.8
223430,5.8
230190,7.9
981430,7.7
294060,2.8
437000,6.1
67370,7.6
1533420,8.3
22362,5.8
406720,4.6
707030,4.0
253330,7.0
34273,7.2
392410,7.0
697650,8.0
404200,6.7
428660,6.6
452970,5.4
299070,8.7
4500,8.4
1484280,7.6
344850,6.5
1700,6.8
11240,4.0
1202130,7.2
16810,7.4
673000,7.2
330180,6.1
245450,8.3
599610,7.1
1497950,5.4
695920,6.4
479110,tbd
1249110,6.5
559100,7.5
289840,6.9
1007040,7.5
237990,8.0
770390,6.7
1402320,6.5
394310,7.0
317370,7.6
30,6.6
1600,8.3
1151450,7.5
1422420,8.2
112100,7.7
298030,8.7
383870,7.3
257770,6.3
238370,6.4
11450,7.8
268910,8.5
1732070,4.8
46490,5.7
361560,7.6
982720,5.8
15270,8.6
1075200,tbd
9200,6.7
259830,7.8
349520,8.0
1092780,8.3
2820,8.0
1462040,8.4
703080,7.9
1341200,6.2
999220,6.4
239090,8.2
261180,7.6
649950,7.0
1172190,5.1
558260,6.4
63000,6.9
1098080,8.1
626660,7.2
893850,8.0
1098292,7.3
238460,7.9
227380,5.7
1199370,3.5
251850,6.0
3920,8.3
366270,7.1
459370,6.3
262000,8.1
46290,6.6
23380,6.8
1150640,7.7
418370,8.2
637090,7.0
300380,7.1
208110,7.2
433280,8.4
320240,5.9
674930,6.1
1018020,6.4
446390,6.9
1573390,tbd
372360,8.8
331480,7.2
281750,7.1
457890,7.5
940680,6.5
447020,7.1
336930,5.4
550080,8.3
1105510,7.9
874260,8.1
48190,8.3
275200,7.7
1295510,8.9
1147560,6.9
726590,5.6
532190,5.2
1045720,7.5
604740,5.9
56437,7.8
319450,7.5
1488200,7.3
260210,5.6
736260,7.9
1531540,7.1
250400,6.9
214870,6.5
1188900,tbd
209100,4.9
449610,7.9
1505430,6.3
628800,6.9
981750,4.2
250680,5.9
1900,6.3
608800,tbd
573130,6.9
1747050,8.5
61730,6.3
33320,7.4
755500,5.0
17330,7.9
1425070,6.8
1246870,4.3
1571120,4.1
254080,5.4
70400,8.6
678950,7.9
985890,8.1
994500,8.8
289650,5.8
1361510,8.1
1273750,tbd
1113000,9.1
389870,7.4
527100,7.1
1029730,5.3
385730,7.2
208520,4.9
13600,8.5
254300,7.0
38210,tbd
201510,3.7
200710,8.4
897450,6.8
453090,tbd
1449320,7.1
266840,7.6
359610,4.2
836770,5.8
329380,7.8
227000,8.4
1165910,7.8
603930,6.6
1017900,6.9
975950,6.7
267490,6.4
45760,7.4
267060,tbd
41500,7.6
815370,7.5
233150,7.0
1575640,8.1
102810,7.7
1405790,4.7
382140,5.8
326840,6.0
347720,6.5
406850,6.4
15740,8.4
621010,7.5
278360,7.0
1194630,6.5
1346400,tbd
633230,5.8
21030,5.6
651150,tbd
404590,6.5
550320,6.8
1220150,7.2
1100420,7.3
346110,6.5
342310,7.5
899390,5.8
392470,7.6
202750,7.4
838380,5.8
574980,6.5
1121780,5.1
943140,6.5
71390,6.6
16300,5.9
1229380,7.9
205080,8.2
1266220,6.6
470210,6.3
473530,8.1
714080,6.9
844590,7.3
248310,8.3
617480,7.9
719750,7.4
629860,6.8
23310,6.2
1199030,7.3
17390,7.4
886060,3.7
1297330,6.8
244710,7.1
9050,7.7
235820,7.8
24720,7.2
390290,7.3
361200,3.9
1198400,tbd
307430,6.3
22320,8.4
232430,5.5
1198590,tbd
46560,8.6
955580,6.8
3800,7.9
226860,7.0
1049710,6.6
325610,7.4
577700,5.8
1271250,tbd
256370,6.3
1140270,7.9
1016120,6.3
842750,5.6
1054490,8.4
1140290,6.5
20510,7.5
354740,7.3
1085660,5.1
1063730,4.0
233840,7.0
475190,6.8
204360,8.4
1196590,8.4
807120,7.5
252630,6.8
640590,6.0
626600,7.8
352900,4.9
9900,6.4
231020,2.9
46510,8.3
46410,6.8
1034900,7.6
494360,6.0
354380,5.9
845030,7.4
981770,7.7
846470,8.5
1812090,8.0
23300,tbd
32330,7.8
504920,4.8
1237980,5.1
624970,6.3
1282730,7.7
1378070,4.7
1301950,6.9
26000,7.1
887720,5.6
1090630,6.5
274940,7.9
1904860,7.2
242570,6.6
499210,2.4
1303950,8.5
200910,7.3
218740,8.0
208480,7.0
252330,6.1
393080,7.3
501300,8.4
874460,6.1
670900,5.5
1375400,7.1
18050,8.0
311770,7.3
1466640,7.7
25900,8.5
24400,7.6
1144200,8.2
573660,4.5
416790,7.2
939850,5.8
1732330,7.8
1836860,8.2
218640,6.0
1222670,4.4
40300,6.9
887370,tbd
352960,tbd
648580,7.7
656350,7.3
324570,6.3
409320,5.1
1368870,6.5
1091500,7.3
855640,7.1
1222140,8.7
1497450,6.1
1432050,7.5
1280300,8.1
408520,6.5
1233260,7.3
313780,6.4
202990,6.0
604540,5.8
6880,6.4
494600,6.7
962700,7.2
732810,7.8
522210,7.0
19810,6.9
673880,7.9
736810,6.0
785880,5.7
2450,6.1
454610,6.8
434310,tbd
12130,8.2
290260,7.6
244810,6.1
250900,8.1
1011390,7.0
308270,6.4
32430,6.5
586950,7.7
317850,6.4
1311070,7.1
363150,7.2
975150,5.3
1307580,8.0
1218210,7.7
285190,4.6
1333470,6.6
11550,7.6
421020,7.4
471810,7.6
899310,7.8
1009290,5.9
820630,6.0
1130710,tbd
1549970,5.7
1755100,7.0
206440,8.9
1506830,3.8
310560,7.9
1714580,8.0
536280,5.8
574720,7.5
272470,7.6
33220,7.6
21780,6.9
329460,7.0
245620,6.9
23530,7.9
379720,8.3
208670,6.7
207530,7.6
427510,6.8
976920,6.3
1665130,6.1
687270,tbd
275810,5.6
601840,7.3
356210,5.2
280180,7.0
536270,5.9
34630,6.7
371550,5.5
370910,7.8
1369520,7.6
222730,7.3
952060,6.7
205070,tbd
595740,7.2
395160,5.1
948640,5.9
1265820,7.1
1388880,8.0
1259800,tbd
462780,7.8
1502080,8.5
7770,6.4
680700,6.7
115120,8.1
287700,8.1
421790,8.0
895600,tbd
935570,5.4
447120,5.4
920210,7.7
324070,tbd
224900,5.9
585190,7.7
47870,7.4
387340,7.3
369070,6.8
293680,7.2
8000,8.0
368430,5.8
690640,7.5
354140,6.8
247240,7.7
391730,7.5
571530,8.1
233700,7.7
275850,5.5
1244460,7.2
1225590,6.0
438430,7.3
38230,2.6
258220,4.9
647570,6.1
1238810,3.5
1577120,6.4
55140,6.6
445020,7.3
564230,7.5
456670,7.1
609920,6.7
295490,tbd
345140,6.6
95300,7.1
774511,6.5
42170,7.1
239120,7.4
306440,6.9
1046030,8.6
638990,6.7
13560,8.4
1132220,7.1
31800,6.4
7020,8.4
545040,6.0
80,7.4
343860,6.3
1037130,7.4
1163560,7.3
96900,7.8
1163550,7.0
350640,6.8
603400,6.9
277110,8.1
1346600,5.8
1299360,7.4
236850,8.7
680420,6.0
236090,8.0
490450,6.5
762180,tbd
798490,6.9
986800,7.0
1024480,5.9
40380,7.0
497850,3.5
276810,6.7
523650,5.2
401810,7.0
311560,7.2
728240,6.2
1259370,tbd
207930,6.4
92600,7.8
303340,8.0
1644960,3.9
622870,tbd
1818750,5.6
284850,tbd
1803840,5.8
563190,7.1
48720,6.9
1087440,tbd
1373080,7.9
772290,7.2
222880,8.4
1150080,6.4
405820,6.2
906100,6.5
455910,8.2
1383700,6.5
260530,7.1
396310,7.3
1046300,7.6
307570,6.0
1522140,6.8
427290,6.8
279940,7.7
837470,7.7
446990,tbd
774441,5.3
46790,7.1
944080,7.4
1135690,7.5
1370050,6.4
385560,6.3
340000,7.1
34800,5.6
203630,7.9
72850,8.6
220780,7.0
779290,8.0
1129580,6.7
48220,6.0
228380,7.5
48110,5.6
656550,6.0
234920,4.9
719800,tbd
425220,7.1
1049410,7.8
1456880,7.9
1142100,4.7
251630,6.8
35000,8.0
292410,5.0
251290,8.6
388410,7.4
334100,7.1
284970,6.0
673190,3.6
597180,7.3
841190,5.8
281200,7.9
353700,7.0
1220100,6.7
777770,6.1
910490,6.7
1332010,8.3
803050,7.3
254860,4.0
1066030,7.3
686740,tbd
824600,8.5
711660,6.7
236450,-1
1016760,6.4
982290,7.3
258950,4.9
419480,7.0
628660,7.5
277630,7.3
390310,8.2
835950,tbd
224480,7.5
8320,6.5
635320,7.2
333130,tbd
1084600,7.6
73220,6.8
916730,7.5
1289380,2.4
1251460,tbd
994140,7.7
476650,7.9
1424980,6.6
489260,6.5
347000,6.3
1277840,tbd
258910,6.4
490490,7.4
631570,7.7
626580,tbd
1295270,6.6
1149710,5.8
274170,7.9
341800,7.8
513690,5.0
63610,7.6
339830,4.3
1127980,5.8
595520,8.1
1574240,7.3
619880,7.0
1225570,7.6
351710,7.1
13540,7.7
1694600,7.2
691690,7.7
375230,4.7
1134570,6.6
553640,8.2
225280,6.0
503940,6.7
29900,6.8
40990,8.4
1034750,6.6
1407200,3.4
8930,8.1
1874170,6.1
245490,7.0
32440,8.2
411300,6.1
1041920,6.9
1551360,8.2
331760,4.6
97000,6.9
343280,3.7
231160,8.6
297350,5.7
239140,8.4
274270,7.1
208580,8.7
1257860,tbd
239030,8.5
377840,8.9
436320,5.8
824280,3.8
40700,8.5
361300,6.9
1455630,4.4
764300,8.0
294730,8.3
361550,7.6
307340,6.6
950180,7.4
6830,7.0
1371690,6.9
58550,4.1
246070,5.2
1233800,6.4
1535780,7.2
226720,5.8
275180,7.3
368680,3.8
671440,6.9
39560,3.8
312670,6.1
808770,tbd
441350,6.9
909570,7.2
454650,7.5
374520,6.6
1570010,6.9
241600,7.9
1222680,6.3
690790,6.6
1238060,6.4
1685460,8.8
209750,5.1
64000,8.1
15210,8.6
858100,5.6
208460,5.8
412020,8.1
207040,7.4
9460,7.2
746940,6.3
1425730,8.8
757200,6.0
1020540,3.8
3900,8.4
369990,5.9
628200,5.9
567640,7.6
840720,6.1
345820,8.5
1330470,7.6
1122120,tbd
1198040,7.2
716500,6.4
57400,8.8
368450,6.1
1552550,8.7
8500,7.2
1195360,7.5
1399780,8.1
1242980,7.2
15280,8.5
730820,8.9
12770,7.1
332330,7.2
646370,6.2
584400,8.5
337850,8.2
2350,7.6
768520,5.7
256330,6.5
514080,5.3
1114290,7.2
1361400,tbd
269170,6.7
203140,7.3
1045180,7.7
528720,6.8
698780,8.4
390030,7.1
493540,7.1
804010,8.0
408120,4.2
718590,7.3
1075550,tbd
383750,4.3
249650,7.0
4932,8.4
15700,8.7
1123050,7.6
781480,5.7
1562700,8.3
209120,5.7
3830,8.1
667600,7.8
466630,7.6
859340,7.0
1277400,8.2
1617390,6.5
324800,7.8
250050,7.3
391220,8.1
683320,8.1
612820,6.5
407810,6.5
1384160,7.9
809870,5.4
777670,8.1
298600,5.3
954650,7.1
578330,8.2
1142390,6.3
331750,-1
339190,7.4
641080,6.4
1213750,7.2
389900,8.4
1475810,8.2
677340,8.3
260250,7.4
255870,7.8
365890,3.7
451780,7.5
596000,6.1
686810,6.5
27940,4.9
1587130,7.3
260650,tbd
612880,7.4
19020,6.5
520670,6.0
742300,7.8
544750,7.7
320320,7.4
331160,tbd
1247570,tbd
764790,8.4
1529550,3.9
392160,6.4
6310,8.6
247870,5.3
1285920,7.4
316480,6.6
1303990,7.6
470780,5.9
1590910,7.2
1175460,7.9
327690,8.3
783210,8.0
866190,8.0
211740,8.8
212680,8.3
314560,4.9
1608290,8.4
700160,7.1
18700,7.7
809000,5.2
202370,7.5
465660,tbd
312440,4.4
464110,5.9
985950,6.9
115110,8.1
622220,6.9
58200,7.4
657240,5.6
215530,8.1
887450,5.9
578620,5.3
1283410,7.7
633440,7.3
760060,7.7
496390,5.5
217750,7.3
200190,6.9
337480,7.0
271240,7.5
790710,5.2
223220,6.9
32360,8.0
519860,8.3
414340,7.8
357720,7.4
988240,6.5
493200,7.8
854940,7.7
347470,7.4
408410,8.1
1282210,7.6
265970,5.5
39200,8.0
1028630,7.7
413410,8.5
285900,6.7
976730,7.8
636450,7.4
875310,6.7
111800,7.2
1232570,8.0
1259980,6.0
246760,7.8
661520,7.6
794960,6.5
55110,6.9
462630,tbd
545620,3.8
544610,7.0
286000,7.7
344410,7.2
888040,8.7
375450,6.6
63209,8.1
773370,7.1
575820,tbd
91810,3.0
1074170,tbd
237350,6.3
24240,6.5
311210,5.4
305620,6.8
1209360,3.8
328590,5.8
1472660,tbd
696180,6.1
587100,8.4
989690,5.1
346830,6.5
1257360,8.2
732690,8.2
211260,7.3
264060,7.1
529490,6.9
13530,8.0
535850,3.7
302710,8.5
1206430,8.0
1195290,7.5
249190,7.6
368070,6.4
666560,6.9
981890,5.1
1173810,7.9
99300,7.8
1035560,7.3
420060,7.7
334210,5.6
987840,7.8
1105670,8.5
202710,7.5
980300,7.9
1733840,7.2
303430,5.7
1233590,4.1
514150,6.8
761030,6.4
906120,7.6
250760,8.0
450250,6.5
357340,6.4
285960,4.7
289280,5.5
1232460,7.0
589510,8.1
464060,7.5
774241,5.1
34190,8.3
1363350,4.0
211970,5.5
1200,8.2
559330,6.1
1173800,8.1
261640,6.4
254840,8.6
497360,8.2
412660,tbd
964990,5.3
390040,tbd
1353270,6.5
1129920,7.6
1359920,tbd
38490,5.8
210770,7.6
245050,6.8
1000010,7.2
559680,8.2
108500,7.7
350310,6.0
1184560,tbd
1451120,4.5
574310,tbd
1013310,7.2
973810,7.0
517810,8.2
1232150,7.5
401710,5.9
1574580,6.8
1263070,4.3
638070,6.3
228300,7.5
565120,6.7
313160,5.5
244210,6.7
1761390,8.2
765870,7.0
638000,3.7
960910,8.4
994730,8.3
550450,5.9
331870,6.6
209160,4.5
1210490,tbd
448280,7.6
15750,7.7
22340,7.5
400,8.8
447290,7.0
299360,7.6
465280,6.6
2710,8.3
573120,6.9
1263850,6.5
340560,tbd
329440,7.1
226560,3.5
1100410,2.4
1094730,tbd
914750,5.9
216910,6.0
743900,5.2
916440,7.9
759570,5.3
7010,6.7
973760,8.3
1346830,4.3
1038250,5.4
371520,7.5
13620,6.7
250520,8.1
33460,7.7
375820,8.2
322970,6.3
977880,6.9
340990,5.8
247950,1.5
70650,6.7
534370,6.6
7840,3.7
1191900,5.8
362960,8.0
907770,tbd
1447000,6.0
581270,7.0
1371720,7.8
58520,6.3
236390,4.0
268870,7.8
626610,5.6
65800,7.3
789950,6.8
918820,7.3
695100,6.9
1042780,5.5
1076200,6.9
98100,5.6
774201,6.7
812550,7.2
858810,7.3
257510,8.5
415590,5.7
661920,5.7
224920,8.7
573070,tbd
63710,7.2
1162960,8.0
453310,6.9
242110,7.3
265830,6.8
477870,8.1
650000,7.1
822640,7.1
531510,8.6
250460,6.0
113400,5.7
245300,5.9
29180,7.0
582560,tbd
1092790,8.5
1039890,5.4
207170,8.1
1591530,7.4
694500,6.7
530930,tbd
1220370,6.7
1164050,6.8
42910,7.6
933110,7.1
570,6.5
267980,7.6
264000,7.3
879140,6.2
883360,6.9
247430,7.8
223830,7.9
603700,tbd
824000,4.5
505640,7.0
369440,6.0
434460,7.3
1072040,6.0
1535610,8.4
11250,6.1
362380,6.6
1346010,5.9
1321070,3.8
39160,6.0
933820,7.0
722230,6.4
446460,6.2
609110,7.5
632350,7.1
819020,6.1
945740,tbd
543460,5.1
32670,7.4
242130,4.9
426790,6.7
1149440,7.0
529910,4.6
223510,7.7
473720,6.7
215470,7.6
973580,6.6
1056970,3.7
321560,tbd
416830,7.3
1210060,4.7
1250250,tbd
636100,7.3
808910,7.6
1148590,7.9
1257850,tbd
474210,7.2
1356280,6.4
227220,7.8
1034920,6.6
866140,7.7
1314000,6.9
726950,5.8
462640,tbd
261550,8.0
1066780,7.6
509610,2.9
654880,7.5
760800,7.3
331600,7.6
768450,tbd
702110,7.8
6220,7.4
322630,7.1
23460,6.8
383270,7.2
780310,8.1
711380,7.1
1399700,tbd
927380,8.5
515180,6.5
447530,8.1
1592520,8.4
1614270,5.2
200900,7.9
304030,3.8
214510,7.9
397950,6.9
510520,3.8
321800,7.5
65980,5.5
63700,8.3
264540,6.0
717310,7.2
207350,7.8
29580,8.2
1167630,8.1
1150950,7.3
223470,8.3
819030,8.1
544920,6.8
1782330,6.8
21100,6.7
358650,7.3
1062110,7.7
259170,7.3
296570,7.8
1457570,5.1
1120210,5.4
1235140,8.2
1901370,8.2
706020,4.4
771690,2.6
1691970,5.4
1651960,6.4
505170,5.9
676630,8.1
560130,7.9
1003590,7.6
236970,6.9
644830,7.0
565170,7.8
4770,7.4
1692250,4.3
220200,8.3
209540,7.3
203650,6.7
363890,7.3
397540,5.6
272270,6.9
29160,6.3
562860,7.0
206190,8.3
1233570,5.9
219680,5.7
365680,6.4
852090,tbd
619700,7.4
979690,7.6
905330,7.3
359320,6.9
447780,2.3
545270,6.5
3620,7.5
558420,7.0
211160,7.6
522740,tbd
2810,7.3
552910,3.8
674750,4.9
628670,6.4
323380,8.0
622720,6.8
228400,5.9
378720,8.4
552990,5.5
360530,5.9
315110,5.8
376520,7.4
1279410,7.5
105800,7.5
403940,6.9
774361,8.0
975680,7.2
31840,8.0
293740,5.7
991260,7.4
1850570,8.0
234080,7.5
343710,6.7
689900,8.3
24790,8.2
1092660,6.2
522200,6.5
243040,8.5
341870,6.8
525360,5.0
676820,8.0
9340,8.2
510620,tbd
1080750,7.6
775900,4.6
912570,6.5
692840,2.3
1279920,5.8
237930,8.1
1239520,0.3
1186640,6.8
829110,7.4
47830,6.8
882100,4.8
1399840,6.2
269790,6.4
277460,8.0
345660,6.6
983970,7.6
310950,6.5
1393750,6.1
26900,7.2
590380,7.8
221040,5.4
263340,6.4
1794960,7.5
682570,5.9
758330,8.5
913060,7.5
244450,6.6
249590,7.9
474750,7.1
742520,7.4
347290,6.0
1748660,6.3
1297300,5.6
475960,7.1
1012840,5.6
15920,7.2
699130,6.4
256190,5.6
466920,7.6
991270,8.3
356040,6.2
978970,9.2
1154790,7.3
254460,7.9
2640,8.1
829280,8.1
1184370,7.7
459080,5.0
418250,7.0
228440,7.5
778390,8.4
1102100,7.2
45700,8.1
1571460,4.0
307960,6.1
405310,7.2
621930,6.2
820540,6.8
1399690,5.0
603840,2.5
587620,8.8
712180,tbd
861650,5.8
42120,7.7
1824220,5.6
399120,4.9
566090,6.7
1328350,7.9
653530,8.7
1082680,7.0
818320,5.9
395620,7.8
328900,5.5
230650,6.2
1641660,tbd
322440,7.1
563840,7.1
1037120,7.7
547590,7.5
292160,6.6
613830,9.2
609320,7.9
1453790,tbd
1373290,6.0
330820,3.5
1500980,tbd
606880,7.4
1331210,6.0
1570020,6.3
236870,7.8
329050,8.0
288040,6.3
41070,8.0
1475570,6.7
31930,7.3
970830,7.9
611670,8.1
627350,5.6
1792600,6.6
240,8.2
1548750,7.4
284730,tbd
394600,7.1
722560,6.6
270770,7.7
1473550,8.5
15190,8.2
1434950,7.8
666100,7.3
755470,5.8
914020,6.5
914110,2.9
1139870,2.2
58610,8.2
304240,8.5
1426210,8.9
1223500,7.2
208200,7.0
11050,7.0
252750,7.0
510420,8.0
8870,8.6
918950,tbd
1220140,6.8
435530,7.6
572890,7.7
714250,4.2
311340,6.5
211400,7.7
1522820,7.0
389730,6.7
618970,6.0
629090,7.8
702700,6.6
628770,7.7
371200,7.5
7860,6.3
204630,7.6
337000,7.7
492720,6.8
917720,6.8
484900,7.5
400910,7.2
232770,6.7
1058690,7.4
299950,6.8
1138660,7.9
521890,5.3
488730,7.3
925460,7.6
31280,7.0
1007520,7.7
115210,8.0
499520,6.7
218230,7.0
320540,4.5
4890,8.4
1072500,6.2
18400,6.5
642610,7.4
300620,7.0
269650,7.7
1426900,tbd
370920,7.6
244730,6.8
11560,tbd
95900,4.8
323470,7.6
423230,7.8
113200,8.3
204030,8.5
332200,7.7
297720,1.9
283390,4.6
345350,6.2
431650,7.3
57740,5.5
1172380,7.6
1328660,6.0
533010,6.4
405340,tbd
61520,8.6
785260,7.2
283290,7.3
598550,8.0
610860,8.2
1027250,6.7
251490,7.2
233190,5.8
536780,tbd
4720,8.2
708710,6.8
22100,8.0
985900,6.5
256390,6.3
239350,7.2
598730,7.1
435100,7.8
46480,6.9
303800,5.7
450670,6.2
658260,7.4
215160,8.3
222640,7.8
563260,7.0
957710,2.0
594570,7.9
975510,7.7
587260,7.6
304730,7.0
313690,7.0
1345860,6.5
384110,8.3
241000,5.5
1173770,6.9
798460,8.0
289460,6.3
522880,6.8
200010,7.2
223730,8.0
1730680,7.8
1115690,7.7
220820,4.9
327670,7.8
844740,7.6
411320,8.4
319140,6.5
1034850,5.2
1016960,3.9
1492480,tbd
1266680,tbd
885000,6.7
704450,3.7
746850,7.5
203770,8.6
447150,6.9
391140,6.6
632250,8.0
34019,7.3
418620,7.4
16730,6.5
1369730,tbd
6870,5.2
492230,6.8
970840,3.0
1158890,6.5
411000,8.1
321360,6.4
220440,5.9
375910,6.1
680380,5.7
339840,6.3
1225330,1.1
1286350,7.1
837460,8.3
320820,5.4
1108590,6.4
288160,7.6
1602010,7.6
1087500,5.4
429530,7.7
552500,7.4
91800,7.9
322110,6.8
8880,7.7
594650,7.1
751820,7.4
1468250,tbd
680390,5.3
574160,tbd
476600,5.3
203160,8.3
65930,6.5
293340,5.9
350740,7.7
997070,4.9
936780,5.1
446810,7.9
1271400,6.3
365820,6.4
474960,7.3
443650,7.0
201420,7.5
249130,8.1
1145290,5.0
402130,7.4
1202970,6.2
1262600,6.3
211820,7.3
557340,7.8
285820,tbd
268050,7.8
201480,6.1
22230,8.1
626200,3.5
1196470,6.9
825630,8.5
1100600,6.4
234650,7.4
202070,3.4
1334730,7.4
204100,8.0
1061880,3.4
373930,7.6
838110,8.0
730830,7.7
569480,7.3
1063310,5.2
1276790,7.6
846730,3.9
1622800,tbd
525040,6.1
257350,7.5
892210,4.1
47920,6.7
1341290,7.7
242700,7.2
218060,8.1
717640,7.1
110800,8.0
541450,7.3
789760,7.7
504370,7.2
736850,7.1
640120,7.6
1205430,5.1
1508400,7.0
21800,7.4
289130,7.9
446150,6.2
995240,4.7
235980,7.9
378610,7.1
65740,5.6
277700,6.5
459220,7.8
1787810,8.4
256010,4.2
978520,7.1
1136020,tbd
1506510,5.8
25830,8.8
699700,5.2
267530,7.0
8190,7.7
597820,6.1
512300,tbd
1145360,8.6
219910,8.0
794540,4.6
92000,5.9
1600370,3.6
31900,5.8
1335790,7.7
44690,7.5
314830,7.3
1045840,6.3
1037020,6.4
99910,6.7
32900,6.8
1068600,2.8
960990,8.0
208710,6.6
314810,7.1
2610,8.1
27000,6.6
255070,7.4
322210,7.8
7600,6.8
1069530,6.8
1672970,6.7
91200,7.2
694090,6.1
1796410,7.9
1754000,6.2
303790,6.3
351940,5.3
32450,7.2
528610,6.8
906510,3.9
667720,5.5
204450,7.9
1048600,6.4
595060,7.1
414740,3.6
747620,tbd
826630,6.6
632360,8.3
235540,7.7
1206060,7.7
214250,6.4
1179620,7.1
43600,7.2
253230,8.6
1311510,7.6
267900,6.9
1158850,8.9
917840,4.8
218820,5.9
1088850,8.4
257030,6.3
322290,7.7
262280,7.2
595140,7.1
203210,tbd
332310,6.1
596380,4.3
743890,7.0
578670,7.8
1016920,7.3
1001140,5.1
1205970,4.0
609490,6.7
333980,7.1
285980,6.3
1213210,8.7
654050,6.5
774651,7.7
1507790,tbd
451570,6.9
1255630,7.4
1262560,6.2
290790,7.4
273070,6.9
10120,5.8
1342620,6.3
265300,6.7
205810,4.5
233110,8.0
223100,4.3
286880,6.1
953490,7.5
735290,6.4
107410,7.6
798510,7.3
229870,7.3
881320,3.6
1178210,7.4
441830,7.2
872410,7.0
780350,6.9
747650,tbd
396710,7.6
592480,7.3
308420,7.3
427190,7.5
24960,8.3
675260,7.5
284990,4.2
971620,6.7
290770,tbd
1061730,5.2
417290,7.9
55040,7.2
294000,7.1
327410,7.0
2300,8.0
603530,7.6
845070,7.0
529660,7.4
599140,7.3
248550,7.3
102200,6.6
248860,7.5
401890,6.4
1018010,8.2
9500,6.3
247080,7.8
3300,5.2
435480,6.0
1113560,8.4
451840,7.2
1161580,7.3
200410,6.5
110400,4.9
323060,4.7
338890,6.0
1002,4.1
543900,1.5
316790,7.8
966330,8.1
910630,7.0
317840,7.9
300060,5.3
844050,6.0
220740,8.2
10090,7.9
336130,6.8
342180,6.3
1115780,7.3
256460,7.3
1468380,tbd
333930,7.6
200370,6.4
7800,8.4
362410,6.2
320040,6.4
291650,8.3
838310,8.1
289240,7.3
48240,7.2
19980,7.1
204390,7.3
326520,4.8
465100,6.7
1295790,6.0
1419160,6.0
610190,6.6
631980,6.0
1361670,tbd
260160,6.3
603420,5.6
291480,4.2
1158310,8.3
571310,8.4
1315200,7.1
921800,6.8
1133760,5.4
3170,8.5
40400,7.8
260309,6.9
1527950,7.6
358130,6.7
912650,4.4
1410640,8.4
262390,7.6
1799380,4.0
283310,7.7
1085630,7.5
633360,7.9
252110,7.3
1755030,8.0
620,8.9
277390,7.5
244030,7.1
317710,5.8
1341820,7.7
416680,8.1
6030,8.5
49330,5.8
646910,5.8
1429890,7.7
1026680,7.4
366640,7.0
1029690,6.4
363940,3.8
9480,8.3
228960,8.0
460810,9.2
6510,6.8
41014,8.3
97130,8.7
47730,8.1
11130,5.8
301840,4.8
1121420,8.0
1227690,7.2
1222730,5.7
649640,7.3
599080,6.3
1029210,7.2
419460,6.4
440550,7.9
240440,7.0
463170,3.1
405290,7.2
990630,7.8
18049,7.7
255710,8.6
24460,5.1
785890,6.5
61510,8.3
582010,7.8
454520,5.4
312530,8.3
3720,8.4
207420,5.6
1637230,tbd
222480,8.2
638650,7.0
394430,7.4
330020,8.0
7000,7.9
1138970,8.2
421170,6.8
926580,7.0
885970,5.8
614090,tbd
274230,tbd
971690,6.5
229520,6.4
798290,tbd
38170,tbd
42680,3.8
874040,7.9
255960,7.1
968870,5.6
1151440,8.7
756590,6.6
482450,6.9
237470,7.1
433340,8.1
1047220,7.5
289520,6.5
687260,7.2
1167140,6.5
296830,3.1
1259380,7.2
1656820,7.3
427660,7.3
1186040,6.3
997030,6.6
1933740,6.4
546900,5.7
1544360,6.8
1190400,7.6
392260,6.6
632070,6.1
1668530,7.4
12500,6.4
274250,7.9
651490,tbd
1905430,tbd
1338770,7.1
55230,7.6
48950,6.4
351080,8.0
1138850,6.9
427700,8.8
996770,7.4
287720,6.5
760650,4.0
458920,5.8
1556870,7.3
508450,4.2
251130,7.8
221260,7.4
978780,8.0
1683100,6.7
290530,7.7
1223910,5.8
544970,6.9
1449690,8.5
339690,6.2
359510,8.1
297920,7.8
12340,6.4
948740,8.7
442120,7.8
2800,7.9
225260,7.7
258520,7.8
629690,5.1
209190,8.1
254320,6.5
1116580,7.5
661740,6.6
304390,6.1
395570,7.2
39190,8.0
213610,8.4
24800,6.9
405830,8.2
460190,4.4
1385100,5.9
347830,7.3
26500,6.9
1161490,6.8
927250,8.0
391540,8.6
415150,5.3
405640,7.5
211420,7.8
868520,8.7
739650,6.4
357190,7.7
384190,7.5
733340,6.8
1393370,7.6
361320,tbd
583470,7.5
245370,6.3
40350,7.7
629820,6.5
931310,tbd
413420,8.8
398030,7.8
255300,6.9
473950,7.7
209000,7.7
301640,7.0
371890,6.9
1170060,6.9
1148550,tbd
418180,4.7
254880,6.2
1477980,7.9
860510,8.4
208730,5.2
1462570,7.6
1178830,7.1
265330,4.8
281840,4.1
440900,5.5
1419290,8.0
552590,8.0
262960,7.7
262750,6.4
1296360,7.2
13580,7.5
827000,7.5
1827740,tbd
375530,7.2
926180,7.6
785740,6.6
1086010,6.3
534380,7.2
539340,6.3
440,8.6
1300,7.6
22200,7.2
313010,1.8
328730,6.1
919410,6.4
840210,4.7
393520,7.1
1621310,7.6
273590,7.7
10460,6.3
743860,1.6
460930,6.6
446100,7.9
233470,6.7
691280,4.6
25808,8.6
274290,6.4
579950,7.3
1690,7.8
532210,6.7
370550,tbd
989440,6.0
22310,3.6
10220,4.2
46540,4.6
596080,7.8
610370,8.3
205710,7.7
374900,6.2
260730,8.6
460920,6.5
688070,tbd
1238820,7.7
4800,8.5
535520,6.7
98500,5.0
16450,7.7
224300,8.7
915100,9.0
234900,6.9
400360,5.2
34600,4.6
287260,6.4
3130,8.2
8970,6.2
493520,7.4
13500,8.4
1799930,6.5
1335230,7.9
203830,7.5
57900,4.6
846110,6.6
1209410,7.0
289440,8.1
448510,7.8
606280,7.0
1001070,5.7
319050,8.2
347440,6.8
209080,7.8
496040,5.8
1263350,tbd
230410,7.1
925940,tbd
327220,6.9
302080,6.9
307030,7.5
38700,6.6
41730,6.5
50640,7.8
302510,6.5
520440,8.3
45450,6.8
562810,5.6
775500,7.5
1472540,5.7
234710,6.1
1656780,6.1
1749750,4.9
314630,7.0
215790,tbd
264520,6.2
244890,7.8
579180,8.6
302210,5.8
205990,7.0
518060,6.7
277850,6.3
469790,5.8
561610,4.1
426310,6.3
9880,5.5
1238080,7.1
423270,4.2
532290,8.8
631510,8.2
583950,2.2
979120,7.8
1137450,5.5
39150,8.5
287630,7.7
1196630,8.3
230820,7.5
15120,7.9
226960,7.2
931500,6.3
414700,6.8
847370,7.9
592580,7.4
49520,8.2
252350,7.5
1140170,6.7
1191260,4.0
368640,7.4
728740,6.8
234160,7.1
312660,7.1
1287310,7.4
17480,7.1
7670,8.8
1337530,tbd
940910,5.5
673130,7.6
39140,8.9
290080,5.8
380,8.5
761890,5.3
322520,6.6
29700,8.3
78000,8.0
229480,6.2
1347780,7.8
15000,5.8
578650,7.8
200510,8.2
993840,tbd
250320,8.8
259190,7.6
508740,4.4
834800,3.6
400170,7.1
951750,7.4
374040,6.4
587180,7.5
1245620,8.3
1259420,8.5
546430,6.6
452510,8.4
763250,3.4
279920,5.6
965900,4.6
376570,7.6
970960,6.9
989790,7.3
4580,8.7
227080,8.0
245170,6.1
1040230,6.4
93200,7.6
520720,6.1
459090,7.9
488770,6.3
703860,6.0
857980,7.0
890720,6.5
571720,7.0
620980,8.2
831050,6.4
514140,tbd
1042550,8.2
1683340,8.0
610410,8.1
449510,6.7
322450,7.2
1062040,6.9
694950,5.5
63950,7.0
1471490,tbd
224740,3.1
532270,5.6
622650,7.5
1154810,7.4
1101190,7.4
282070,8.2
312650,tbd
378080,6.1
718850,7.5
735580,7.4
248570,6.2
625680,7.7
338300,tbd
1335800,tbd
1123450,7.5
271260,5.9
898650,5.8
1696220,7.6
1253920,7.3
466560,7.5
268130,7.7
1177030,tbd
359580,6.2
233270,8.1
49300,5.4
593060,6.7
227800,6.6
72000,7.3
314540,7.8
1287840,4.7
516110,6.2
428220,7.0
1085180,7.9
348470,7.1
339130,5.9
593280,7.4
1063490,7.9
98300,8.4
502820,7.1
945360,6.9
606150,7.1
712100,5.6
272510,7.4
1074620,tbd
962580,7.3
282560,2.0
356430,7.0
594130,8.7
8100,3.7
202310,7.5
1337010,7.9
334120,5.2
275100,6.9
274350,7.5
389140,8.2
394360,7.8
600080,5.6
203750,8.1
646570,8.0
548810,6.0
58560,8.3
73190,5.6
201870,7.6
2210,7.6
211780,7.8
861250,7.2
21660,7.4
304530,6.5
32510,7.8
248820,8.1
32680,6.6
368500,6.8
336240,7.2
867210,7.3
253750,8.0
944430,7.3
45000,7.9
288930,5.8
312780,7.5
301980,6.5
684410,6.4
545540,5.0
418340,6.2
39500,7.3
427810,7.3
543260,7.6
723270,7.3
97120,8.9
1135910,1.3
379640,7.8
111300,tbd
6840,7.7
418460,7.6
943260,5.8
2600,8.9
377160,7.0
23450,8.2
720560,7.5
228200,8.5
307670,7.2
337350,3.5
40370,5.4
1484900,7.9
1634150,7.4
32650,7.2
257050,6.7
1492680,8.0
530630,5.1
402020,6.2
252490,6.5
321870,7.8
9010,7.9
243450,6.7
770240,6.4
840390,3.4
394550,7.7
834530,8.0
1478210,tbd
682990,4.7
939520,6.9
41000,8.0
1082180,5.3
537430,4.9
385860,6.9
1125330,6.6
15710,8.4
420570,6.5
356650,7.7
1185700,5.0
502500,7.9
331690,7.1
287020,7.3
1388590,8.5
294100,8.8
208650,8.1
2840,7.4
17410,7.7
438130,tbd
337340,8.4
1265860,6.7
487720,4.4
261510,8.5
686720,6.3
1260520,8.5
291860,8.3
8640,6.9
266170,6.7
345480,6.0
1123770,7.1
1574270,8.4
102840,6.5
349040,8.0
246110,6.0
352120,tbd
27900,4.8
264710,8.6
774461,7.4
813780,8.8
1028350,5.0
437630,7.4
1670870,8.9
1178790,8.0
1075400,6.5
285070,5.6
204860,6.5
65560,4.8
1238840,7.4
1173780,6.5
277450,8.1
1320230,6.0
12310,7.5
597220,8.1
351970,7.2
244910,7.4
220160,7.0
1222690,6.1
3560,7.7
319910,6.9
363130,7.6
495050,6.9
317250,6.6
240600,5.9
1180660,5.8
327880,7.1
384250,5.0
329490,7.2
454950,tbd
11480,8.5
41740,6.5
221540,6.9
998740,7.1
18070,5.4
1281590,7.4
390090,tbd
336420,6.2
907650,6.3
1262240,5.7
987720,5.8
212070,6.9
1449200,8.5
1124300,6.7
393750,4.2
1792820,6.9
113020,7.7
9960,tbd
424370,5.6
1436590,8.6
787860,6.3
24870,6.6
488790,7.8
343020,3.1
587430,7.6
317580,4.4
1695830,8.3
306000,2.5
18500,7.7
222140,6.9
373420,8.2
447820,7.8
1277510,7.4
323040,tbd
978300,6.9
606890,5.3
26800,8.2
1213700,6.6
243930,6.8
1227530,7.1
371660,6.7
702670,7.1
1089090,7.9
938560,7.8
220,9.1
307590,6.2
362890,8.8
31860,7.4
15200,7.7
1133300,tbd
6550,8.7
220090,7.3
1357860,7.7
1094540,6.4
265550,5.6
392280,6.9
298140,6.2
990050,7.4
251270,8.4
883070,7.0
25850,7.1
530020,6.0
95400,8.0
17710,7.5
1807920,7.7
356460,5.8
1055540,8.5
1227780,7.9
1140630,6.7
716770,tbd
460790,8.2
4530,tbd
2310,8.6
18110,7.6
274880,6.4
1658290,6.6
1082430,8.5
611660,5.1
417880,6.5
1060600,8.0
335000,8.2
1287590,4.5
1142710,5.7
984780,7.5
16720,6.7
312610,8.6
907670,7.8
1715130,7.6
108110,8.4
710470,6.7
262940,8.0
265750,6.6
249680,5.7
1058320,6.5
421050,7.4
6850,7.9
9420,8.7
883710,8.8
591760,tbd
46370,5.6
294750,6.5
403640,8.1
250110,6.4
719040,7.7
242880,6.3
9710,6.4
850320,7.4
1252330,6.8
527280,7.3
1243100,tbd
548840,8.3
241930,7.9
209630,7.2
1298140,7.7
390930,tbd
73060,6.8
518790,6.4
493840,4.8
625910,7.8
641990,7.1
310490,7.3
41900,7.1
9850,5.3
219760,7.1
283350,5.8
1072190,tbd
607080,8.1
1307670,6.8
6860,8.5
1042490,7.1
1684400,6.8
263560,6.7
1585440,7.0
47889,8.1
828900,5.6
428750,6.8
573100,7.6
606730,7.2
1758910,8.2
1126750,7.4
215280,5.3
1072420,7.8
423580,7.8
831650,5.6
1498570,7.6
38420,7.5
967240,6.3
437570,7.3
365450,7.9
574050,7.6
363950,4.2
206410,tbd
1211630,8.0
32380,8.5
1341050,5.2
304500,tbd
366320,7.0
553420,7.9
986310,5.6
8140,7.5
3700,6.2
204580,tbd
13630,5.4
400450,7.6
262190,5.3
433550,7.3
236510,3.0
32410,tbd
955050,4.7
412830,8.9
1240050,tbd
370240,6.8
582160,7.3
306130,7.5
725270,6.2
105420,6.9
1238860,6.4
1547890,6.4
229890,7.1
1191630,7.8
1406850,7.4
440880,7.4
715560,7.9
421740,6.5
3960,7.2
1110910,6.3
292500,7.3
1119980,8.0
368740,7.6
1552350,tbd
894020,8.1
649360,6.9
944920,tbd
662200,tbd
12810,7.4
1569150,7.6
214340,8.1
527430,6.6
231310,5.6
41800,6.8
15080,6.9
360170,6.0
313080,7.3
422970,7.1
219640,7.7
1082710,8.3
2590,5.4
1071130,8.1
606710,7.1
355050,6.9
895620,8.0
1139280,5.9
1243220,tbd
1178140,6.6
97110,8.1
904540,8.2
554870,6.7
249230,5.8
312520,8.5
380150,7.5
1097110,6.2
1446780,8.4
500810,8.6
281610,8.0
451020,7.0
448800,tbd
436670,7.9
218620,4.2
915230,tbd
239160,6.1
313810,5.9
200170,6.8
243950,7.0
555880,6.1
10,7.8
1144080,tbd
49900,6.2
654100,tbd
1282690,6.8
1597580,7.5
570790,4.6
1024980,tbd
1369630,8.3
287780,8.1
360740,6.8
203350,6.9
9450,8.2
555220,8.0
252410,7.9
550,8.3
42140,5.5
894940,7.9
6980,7.4
651500,7.4
601150,8.0
257850,8.2
249570,6.9
1167450,8.1
835430,7.7
363680,7.7
623640,7.2
584980,6.8
738540,7.3
439190,7.3
92800,8.3
505230,8.7
681280,6.5
43190,7.5
360830,6.3
812160,7.5
1392960,7.0
581300,5.2
404680,7.2
808290,4.9
222750,8.1
779340,7.5
214770,7.6
966400,tbd
225300,7.9
208750,7.7
48000,8.0
312370,6.7
717540,6.7
352240,6.8
433380,6.0
12470,8.1
411960,8.4
370220,tbd
63900,8.2
679690,7.0
371040,8.0
239250,7.7
750200,6.3
262060,7.9
570940,8.3
938380,tbd
523660,7.8
600090,6.0
1604030,7.0
202130,5.4
219190,7.2
718670,7.0
243220,6.1
436290,6.0
614570,7.1
209330,6.6
206250,8.4
381210,5.5
623280,3.1
916840,8.4
910830,5.4
1243890,7.2
205730,7.9
1122100,6.0
1249740,3.5
2870,3.2
433100,6.6
826940,5.7
284460,6.7
1271700,6.9
1139900,7.9
280160,6.6
1132910,6.9
231430,2.2
1022710,5.2
582960,tbd
1329810,tbd
15300,7.0
317320,7.9
242640,7.2
646270,7.1
433840,tbd
694280,6.3
1084640,7.9
217140,6.6
846870,7.2
233350,7.7
874390,8.9
333430,6.9
967390,8.3
733210,7.3
115320,7.2
281990,8.0
384200,6.4
236430,7.7
376300,7.9
971030,4.0
207020,6.1
35725,8.3
200390,6.5
233860,8.4
13570,8.5
561600,tbd
1113570,7.5
556740,6.5
70300,7.8
401910,5.8
252270,6.3
493340,7.8
396350,7.4
1122720,8.3
745920,6.5
460950,8.5
330840,6.5
1714190,6.0
430210,6.8
248510,7.6
349890,7.6
353270,7.5
10520,5.2
99400,6.0
1029890,6.2
1843940,8.3
970570,8.6
361230,6.9
425210,5.8
357310,7.5
1011190,7.9
1162280,tbd
965230,7.6
607050,7.2
32640,7.2
243800,6.8
314710,3.6
253840,7.6
11200,7.1
1913160,8.4
22000,8.2
638970,8.8
851280,8.1
743450,6.9
753640,8.9
262470,7.3
290340,7.1
383230,6.0
762840,6.2
469610,5.9
1442820,5.1
1432220,5.5
3980,6.3
546560,9.1
108710,8.2
481510,7.7
21980,7.4
1182620,7.8
1272160,8.3
394760,6.8
437920,6.9
995980,7.7
269110,6.7
1372320,7.8
63960,5.1
4420,6.9
264140,2.4
762830,5.9
1172650,6.1
65500,5.7
224760,6.4
621020,4.7
238320,8.2
262850,7.3
373650,6.5
1104380,7.1
232970,7.3
293780,6.8
741510,5.9
831560,7.4
366240,7.9
264560,7.6
1337100,tbd
1383250,tbd
1252830,7.5
71117,7.8
900040,6.8
556060,5.6
485030,6.7
428370,7.6
346820,7.6
1157390,7.6
503560,6.6
6090,6.6
1329790,tbd
613470,7.0
1036890,6.2
893680,6.0
270790,8.3
234140,7.7
329860,5.1
327740,8.2
994220,tbd
1494110,tbd
952040,7.5
429570,6.4
335300,7.6
904380,5.2
1128920,7.6
899440,7.2
1258220,4.2
1074080,7.8
548570,5.6
1147550,8.1
375440,tbd
1137300,6.8
405780,4.6
1834110,tbd
338320,tbd
915670,4.8
234390,7.0
314030,7.2
1229580,7.3
388880,7.6
683280,6.9
1400970,4.7
7610,8.0
1005410,7.1
282900,7.8
658780,7.7
65610,3.4
477770,6.3
1630960,7.7
1038810,6.8
536560,7.5
1380420,8.2
256030,7.2
1436920,7.2
1058450,5.6
566540,7.2
842100,6.9
251060,8.0
241540,7.2
305050,7.4
292140,7.0
788690,7.5
388800,8.1
900270,7.8
415350,7.0
24810,8.4
954740,7.4
261760,6.8
410990,3.4
12830,6.2
428540,5.1
399600,6.7
1051690,7.2
1302050,8.2
1386780,6.1
1296290,8.7
254700,8.3
253980,6.9
777410,7.2
1016770,7.5
252610,7.6
1640320,tbd
414870,7.2
40330,7.2
1174180,8.9
19680,8.1
7510,5.1
475550,7.8
996580,8.3
889260,tbd
315340,7.2
1059150,7.3
1291340,6.5
1519350,0.8
57650,4.6
364470,5.5
477160,7.3
322190,7.9
205530,6.4
244950,7.9
266110,7.0
400940,tbd
1325890,5.0
552700,7.5
485460,8.2
2500,6.4
1530770,6.8
557040,6.3
228360,7.4
821290,7.6
321960,4.9
852300,7.5
366910,7.1
430410,6.7
1290000,7.2
738530,3.2
31920,6.8
282640,7.1
598840,tbd
629000,6.7
701160,7.4
403290,5.6
355800,6.1
1702330,6.1
838010,7.0
1638330,tbd
1096530,7.0
227560,6.8
418240,8.4
234290,7.6
745790,6.0
62100,6.5
525450,5.5
1244950,6.5
339460,6.1
270610,7.8
1233880,7.8
1097150,6.8
116100,7.1
939960,4.7
387290,8.3
41700,8.5
207320,8.5
312840,7.4
267920,6.7
359840,6.4
551730,7.5
11590,5.0
272330,8.1
587110,8.6
8170,7.7
1210320,7.2
584990,6.4
787480,8.5
1064840,6.7
1038370,6.5
394290,5.6
235600,7.7
311010,7.3
48150,tbd
33990,5.9
1325200,7.6
922040,tbd
699740,7.1
433300,7.9
1630,8.6
1205900,7.5
625980,7.2
1257290,7.7
411370,8.6
365160,6.8
1224020,6.1
310470,5.4
859580,5.2
751500,4.1
216130,6.4
656700,6.3
463270,7.5
205100,8.2
1284950,tbd
409890,8.2
334940,7.6
55100,6.1
1306630,7.3
847360,7.0
1767220,tbd
1229460,7.2
73010,7.7
677330,6.5
311690,7.8
401680,7.0
296850,6.4
368370,6.3
204560,5.0
941570,5.8
260790,6.5
303720,3.5
1056960,2.6
924970,5.2
327030,7.3
1016000,tbd
34330,8.3
406710,3.6
530320,8.2
403970,6.2
71000,7.6
271500,3.5
231040,7.3
1203630,7.8
1051200,8.1
356570,7.1
365590,7.0
22450,6.3
1057750,6.7
294860,8.6
731490,8.4
1569220,tbd
640880,6.4
22650,5.5
39640,7.7
364360,7.4
1146310,6.8
278080,7.5
1250,8.2
47890,7.8
371300,6.8
1325900,7.2
809230,7.4
115200,7.5
1058830,7.9
1465360,7.2
96800,tbd
423620,7.2
438640,7.1
1116780,8.0
297860,8.0
39210,7.0
210970,7.3
1049320,7.0
632470,8.3
319970,6.6
1794680,8.2
401820,5.3
682080,7.7
359390,6.9
758410,5.8
365360,7.9
575450,7.9
1120420,8.3
809880,5.7
811320,7.6
605800,6.5
1517970,7.7
1135260,5.0
80200,7.4
225540,6.2
32750,7.9
340700,6.0
608530,7.7
509400,6.0
456390,tbd
73210,6.8
303210,7.5
285740,6.3
352400,7.3
427680,7.9
698640,6.2
1315610,6.3
589360,7.8
647830,6.8
730,7.3
235360,7.8
674140,7.6
1243690,5.8
253350,7.7
29560,8.4
709750,tbd
297000,5.4
250380,8.3
1449280,7.1
302170,5.3
1162130,5.2
324740,6.8
500,7.9
764670,8.2
105600,8.3
355680,6.2
688140,5.5
617290,6.8
421600,8.1
281640,8.2
301910,5.6
239820,8.0
1107790,5.8
585710,7.6
901147,6.1
311840,5.3
410110,6.8
1423600,7.7
795420,7.8
446840,7.3
872790,7.1
243160,7.1
619780,6.0
925930,8.1
1101360,6.2
409730,tbd
567660,tbd
774171,6.9
1367590,8.1
397060,6.7
1184760,7.1
504230,8.7
294810,7.5
515960,7.0
740130,8.2
339340,8.2
1552810,5.9
851890,7.0
600990,7.3
744050,6.1
911400,5.6
98200,7.5
436230,tbd
1710580,5.2
527270,7.7
20570,8.1
1328670,7.6
207650,6.2
290300,7.5
1097200,6.6
1003090,5.5
1121560,8.1
532320,7.4
9310,8.3
766320,8.1
1837330,5.3
1880230,8.8
339850,6.5
1592320,3.1
32500,6.2
709440,6.7
1678420,6.1
789910,5.0
312360,7.6
658850,8.3
433320,7.3
342480,5.0
969760,6.7
794240,7.6
316890,7.1
219990,8.4
889750,2.3
1500,7.2
237950,7.2
6920,7.2
498240,7.2
958400,4.0
861540,7.4
237740,7.6
6080,5.6
257990,6.8
1118240,5.8
1480560,4.9
7830,8.1
23500,7.0
296210,5.5
506510,7.4
589530,8.1
286770,5.0
1172620,5.7
306550,6.9
752590,8.3
1114900,6.8
880850,3.4
1608700,tbd
1599340,4.7
27800,8.5
627450,3.9
1421790,tbd
656460,7.1
40390,5.8
501790,7.6
1000410,6.6
355310,tbd
217790,5.6
434740,7.1
466300,7.6
491770,4.1
282210,4.3
9980,tbd
205060,7.3
377080,8.3
374320,8.8
1414850,5.6
1304340,tbd
91100,8.3
1097790,6.9
297130,6.2
260330,4.5
209670,7.3
696810,tbd
446560,5.4
304430,8.3
9940,6.5
47540,7.1
252450,5.4
464920,7.0
984800,6.3
489830,8.3
544330,6.5
255390,7.4
729370,7.2
263720,5.6
1685750,7.2
525700,6.8
666140,7.0
271670,7.4
1050880,tbd
392110,7.8
795100,7.1
1151640,7.1
380750,7.1
233210,3.0
1080490,tbd
274310,7.2
1514930,6.7
633060,7.4
280850,4.3
562620,6.5
400800,6.3
393190,8.2
263860,7.7
457730,6.1
251830,7.6
898890,7.8
235380,3.9
1209490,6.7
369110,5.3
284750,7.0
872820,7.2
1889930,8.0
1237950,1.9
1873920,6.4
3260,6.6
310740,6.8
379430,8.1
669290,7.4
288470,7.3
411330,6.3
1099410,6.0
351920,6.8
1611910,7.0
574090,6.3
241560,5.4
8310,5.8
507050,tbd
284830,tbd
1060210,6.0
1650810,7.3
1102190,7.9
25700,5.6
40100,6.4
1466860,7.8
251230,7.7
21130,7.4
257690,7.6
301650,8.7
35130,8.1
374030,5.0
49600,7.4
1153640,6.9
450950,8.1
99120,tbd
289070,7.2
752480,6.8
502280,7.1
215770,6.6
289300,8.4
301970,6.6
1062340,6.2
1792250,7.9
32660,5.6
1046400,6.9
333420,6.7
690120,6.8
644930,6.7
696940,4.9
1053710,5.4
405710,5.6
557750,8.3
3270,6.3
1539620,6.1
359900,6.4
733790,6.8
57200,tbd
455400,7.0
1016720,6.8
220240,8.4
70,8.9
1134100,7.0
1222700,7.9
251690,3.8
853500,6.8
228260,7.7
21690,7.2
242680,7.7
288060,5.9
212630,7.3
1038300,8.0
1080110,8.0
1422410,4.2
1490890,7.2
228280,6.8
1556200,5.9
1016800,7.7
415880,7.1
201790,7.8
244870,7.6
46550,7.4
368390,7.8
45740,7.2
540010,4.8
337680,6.0
235460,8.3
739080,6.5
24200,7.3
396280,7.1
209870,7.6
788100,6.5
32610,4.0
6000,8.4
606480,7.0
296970,6.4
859350,6.4
2270,7.6
368340,8.0
6370,8.0
492290,7.2
1612780,6.7
1177020,tbd
469820,-1
293440,7.8
1040420,6.7
321710,tbd
332250,7.2
215510,6.4
230980,6.2
92700,2.3
21010,6.7
301860,5.0
308040,5.9
50300,8.2
345080,6.0
429690,6.4
42900,6.0
1238880,5.4
621220,7.4
107100,8.2
227760,6.9
367520,9.1
678960,7.6
1569040,7.4
130,7.5
600130,7.9
1494260,5.1
32420,6.0
408650,6.9
373990,tbd
359600,4.5
6020,8.6
922500,6.4
621970,5.3
42960,8.3
402060,5.9
269730,5.4
1183510,4.2
579720,7.0
1004750,5.8
278930,5.8
1237970,8.5
215390,5.5
1674640,3.8
207000,4.1
851670,8.1
15620,7.6
577580,7.5
6400,8.4
1254620,tbd
262830,6.3
589670,6.2
1025250,tbd
1374840,5.8
518920,4.5
250030,6.6
549260,7.1
720350,7.4
1065180,7.8
1071870,7.5
377480,7.5
368620,7.2
702890,6.7
1112890,5.9
63910,8.4
848350,7.9
510240,5.4
236730,7.8
207690,8.3
434050,7.4
204760,3.7
1345760,6.7
628330,5.8
437690,7.0
696170,7.4
560000,7.0
2620,8.3
1659040,7.8
1086940,9.2
1062140,7.0
7220,7.9
837940,7.8
360510,3.6
370460,7.5
794600,7.1
396900,5.3
236150,8.4
493900,7.5
1095040,1.6
1035120,-1
1740720,7.4
590690,6.8
265690,7.3
349270,6.0
19800,7.9
401360,6.7
787810,8.1
747360,7.1
316750,5.0
1243830,7.1
282140,8.4
308060,6.6
945680,8.1
1030210,3.5
46500,8.4
860620,3.9
361420,7.2
1225560,8.0
358810,7.3
712730,6.4
307690,7.6
328940,tbd
1546100,8.4
278810,6.2
690040,6.8
612570,7.8
580200,7.6
201810,8.0
265000,7.5
214170,8.3
238630,7.9
410710,8.6
390340,2.4
1547380,5.4
637100,6.2
487120,5.9
246840,7.2
1267540,6.0
425310,1.4
65730,6.6
6420,8.8
12150,8.9
465760,6.9
1184050,7.8
374190,7.7
268990,8.2
365770,7.3
863550,8.3
443810,7.7
248610,7.7
1642170,tbd
934780,5.7
626690,7.1
438740,6.3
1137350,6.1
1119700,7.4
1062830,6.8
20550,6.9
1116770,7.6
1126190,5.7
538680,8.2
233450,8.1
999020,7.8
306760,7.7
421120,8.1
452410,4.6
441380,7.3
396750,7.5
464650,7.7
1703340,8.3
207490,8.3
936790,6.9
555950,7.6
285160,6.7
502800,7.9
1096410,7.2
1041720,7.0
784080,5.4
408640,7.5
226840,8.0
221910,8.1
1240440,7.9
355790,7.7
235800,7.2
207190,3.8
40930,7.7
1307710,6.2
1279630,6.1
427520,8.9
111900,8.2
307580,7.8
1019310,7.5
1173820,8.3
501590,7.2
356180,7.8
814680,7.4
1155460,tbd
1367420,tbd
363420,7.1
313630,6.6
1217220,7.2
339040,8.2
582270,7.2
1109690,5.1
618650,5.0
9350,8.3
205230,8.4
528160,7.3
232090,7.0
313120,4.4
1075080,5.7
690620,tbd
287290,7.6
310080,7.0
253110,8.7
1286680,5.8
411830,8.0
1000760,7.7
265930,6.6
282050,4.2
255340,7.8
700600,5.5
58570,7.4
1225580,6.3
715380,5.8
246720,4.4
785790,8.2
332620,3.6
1280930,7.6
224040,4.0
704860,6.4
950050,7.7
833950,tbd
1112570,9.2
102600,7.9
294590,7.4
292030,9.1
429660,8.0
1670,6.5
489630,7.3
306660,8.0
277430,4.5
461950,7.3
284410,6.9
368000,6.1
1458100,6.8
1354830,tbd
2630,8.2
1373430,6.7
47780,8.6
600480,7.7
802450,7.5
300610,6.9
543870,8.2
389050,7.5
711540,7.3
320140,5.1
510490,7.4
65530,5.9
488950,6.8
1042670,7.3
1383960,7.8
750130,6.1
46340,6.3
988910,7.0
264240,7.1
205020,8.1
761460,7.1
812140,6.8
214490,8.3
254370,7.5
1203710,8.3
824570,tbd
905450,5.3
10680,6.8
466130,6.1
12790,3.7
244690,6.1
289800,6.4
409850,6.8
57700,6.0
238010,8.5
99700,7.8
799640,3.6
889910,7.0
1323540,5.9
865940,7.3
1137680,tbd
417430,4.9
1370140,6.7
303550,7.0
323320,7.5
1045620,7.9
1065320,tbd
969990,8.8
485510,7.1
398850,7.8
269690,5.0
1140100,4.9
350080,7.6
57000,7.2
70420,6.6
586430,tbd
232790,6.2
864060,7.0
1662480,5.4
245150,6.2
242820,tbd
94400,6.9
1363840,7.3
431120,7.6
1246250,tbd
341940,5.0
11260,6.0
225080,8.3
98800,7.7
464150,7.9
371140,6.7
251570,5.7
366970,7.7
34870,5.8
269330,6.8
674520,7.1
842120,tbd
246580,7.5
606370,8.5
914800,7.4
550440,tbd
460120,7.3
219890,8.2
804490,6.2
962130,7.8
749560,tbd
695290,6.5
801630,7.9
38460,7.8
1502560,7.4
256290,7.9
1015890,tbd
1093290,7.3
377470,4.7
18120,6.7
1149550,8.0
751060,5.4
102850,7.2
1642620,6.9
12180,7.4
899770,6.0
211120,6.5
728530,7.3
924980,7.7
1368030,6.7
525480,8.1
1605220,6.2
1240210,8.0
316180,6.2
1135300,5.1
249050,7.9
767390,5.4
1582680,6.3
1494470,6.8
1570480,6.9
577910,6.3
1316910,7.4
1733880,7.6
252230,4.6
449960,5.6
1106830,6.9
234490,4.9
425410,7.1
336840,6.2
10140,5.9
269190,6.2
21600,6.2
617830,7.8
636570,7.1
377870,7.2
803330,7.7
711750,4.4
238280,7.4
12710,8.0
487040,5.8
25890,7.3
217290,7.3
9800,7.3
956030,8.0
290510,7.0
329240,6.8
646050,4.6
281940,5.4
1110100,5.9
359220,8.1
263620,4.0
792880,6.8
1088710,7.1
232750,7.1
331450,5.2
24480,6.5
569860,8.1
582980,6.0
25930,6.1
45770,7.7
252950,8.0
1042380,7.0
34830,4.8
207140,7.6
1094520,5.9
1221250,7.4
525240,6.8
548430,8.4
814370,7.9
204880,8.0
229810,7.5
338390,6.3
1105500,7.4
885150,7.8
402570,7.7
34274,7.8
648780,7.8
1079800,7.7
748360,6.4
227100,7.2
1077970,7.9
699670,6.1
6300,8.3
699540,tbd
757310,5.9
1420300,8.5
289500,8.3
594330,5.9
512250,5.8
1229420,tbd
39630,7.5
1097840,8.2
530950,7.3
50510,6.7
572410,7.8
43000,6.5
265950,6.5
366870,7.3
322900,7.3
729000,7.4
886820,4.7
525920,7.3
229790,5.4
1398100,5.3
367500,7.9
1157220,7.2
311240,8.0
746580,7.0
468930,7.4
1476170,tbd
311080,8.0
242920,8.1
692030,3.1
1179210,6.8
705620,tbd
239800,7.5
586200,7.8
32350,7.9
235320,8.8
297570,7.3
817540,8.4
206420,7.4
213670,8.5
12330,7.1
375900,7.5
629760,7.3
298900,5.6
9760,7.3
424840,8.0
460700,7.4
233130,7.9
262550,7.8
927350,6.0
15390,7.3
648350,7.3
319170,tbd
1154040,8.2
31880,7.8
510290,tbd
344030,5.8
292120,6.3
233290,6.8
658700,5.6
271590,8.5
279720,6.8
451310,5.8
630310,7.1
1097350,7.0
1016930,6.8
575970,7.5
312750,7.4
1049890,4.3
423590,6.1
431240,5.7
1122680,7.5
13520,7.7
390720,7.2
845880,6.9
323190,8.3
115100,7.9
378540,6.6
889510,5.6
292730,4.3
751780,7.6
490080,8.0
2990,8.4
11150,6.5
244160,8.0
367080,tbd
588650,8.3
8850,8.1
363440,7.2
918570,6.3
1931240,tbd
794580,6.5
1160220,7.6
1205450,7.4
473690,6.1
728880,7.8
1158370,6.1
2200,8.4
260690,7.0
537800,8.0
1610460,5.0
1267930,tbd
287980,8.0
261740,5.3
314180,7.6
627270,7.9
1144770,7.2
991560,4.4
613100,7.3
253150,6.2
204530,7.6
1016790,6.1
443860,6.2
1377920,2.0
359100,7.0
389670,5.5
848450,7.1
209690,6.7
388060,7.6
230840,4.3
1175190,7.3
205650,7.9
70600,7.3
45400,7.3
3710,6.7
1417880,3.6
61700,6.7
255280,6.3
586140,7.8
248190,7.6
1098170,6.2
388210,8.0
1119600,7.3
433290,7.5
919640,7.2
501320,5.9
964800,7.8
1716120,7.2
22300,8.2
23700,tbd
400110,7.6
253690,6.7
759740,6.2
905340,8.1
31270,7.0
382420,6.9
738520,6.9
1586880,tbd
1001800,8.1
1257310,6.9
790540,1.6
544730,3.1
601430,8.1
342100,tbd
801480,7.7
1190170,7.1
21000,8.0
239200,5.9
233980,7.6
1386870,7.9
620590,7.2
1069690,4.6
790350,tbd
842910,6.5
1060220,7.5
332260,7.8
322950,4.0
543010,5.0
726830,7.1
236690,6.3
263380,7.4
12200,8.3
730390,7.6
593640,tbd
235070,4.5
325520,6.5
1073910,7.3
751630,6.6
384000,6.8
94590,6.6
324650,5.5
7210,7.7
32370,8.9
446800,7.7
384630,7.5
1097100,tbd
408250,6.8
347160,6.2
19000,6.3
881100,8.2
1406250,tbd
572050,7.0
1259790,7.9
250180,7.0
1013220,tbd
882020,5.5
1301210,7.3
318600,6.1
225420,7.1
263300,8.0
411310,8.5
109600,5.4
1087760,6.8
17080,7.8
535930,7.6
275570,6.3
327310,6.4
352550,5.3
884260,6.5
963450,6.9
714370,8.0
909820,7.8
1451080,6.2
234630,7.2
334280,6.2
213330,7.8
477740,8.0
251150,8.1
20530,7.8
220460,6.7
268500,7.4
1044620,8.2
12360,8.5
6900,7.4
1783750,tbd
1110050,6.7
898750,7.5
1440440,5.7
115220,8.2
22180,7.7
907470,6.3
234270,7.8
336140,7.5
304650,7.5
1446650,7.8
1248130,6.8
1496250,7.9
443880,5.7
254440,7.5
4780,8.7
489140,6.9
7260,4.9
201230,7.3
322910,7.6
8400,8.2
45300,7.2
386360,6.7
504110,7.1
445980,7.5
579820,6.7
377860,8.2
214700,5.1
554620,7.9
289690,6.6
327060,7.0
45720,7.4
109700,7.6
1331440,7.3
1293160,7.2
415300,7.5
445190,8.2
319510,7.7
48700,8.8
600370,7.2
480490,8.0
1046790,6.0
1492310,6.7
388320,7.5
227300,8.6
1125910,8.2
1084990,4.3
57690,7.7
1234120,5.3
774811,6.2
63940,5.4
40340,6.9
423950,6.5
232050,7.2
596620,7.5
858820,7.2
403190,5.3
238960,7.8
413150,8.8
498500,tbd
1593500,9.1
1024650,5.1
327520,6.5
1413870,8.1
873940,7.4
382130,6.3
57300,8.5
1448840,7.5
261570,8.6
1285670,7.7
530350,5.2
553960,4.2
274480,7.2
1151340,2.9
4520,7.6
516130,7.1
1368820,7.3
390560,7.4
690810,5.4
4300,7.8
585450,6.4
2780,6.8
1189800,6.3
211180,8.0
391030,7.0
418530,7.9
925570,5.9
204180,7.2
762220,6.8
249870,6.6
324140,7.2
782330,8.6
1205480,4.9
609420,tbd
317620,7.2
753590,6.1
96000,7.0
1202820,6.7
1271100,5.6
1296980,6.0
427250,7.1
274190,8.0
1517290,2.3
1030060,6.6
91700,6.8
300340,7.4
322500,7.6
284240,7.6
1217060,7.3
1578650,7.3
274520,8.3
524580,7.0
1515950,7.9
307780,7.8
331190,7.2
378860,6.1
968370,7.3
597700,7.3
206370,8.2
296180,6.2
1150590,7.5
627910,5.6
1295500,7.8
704270,5.8
365660,6.5
1586700,7.2
1500490,6.4
19900,6.6
57800,6.2
253030,7.3
269710,6.3
717610,5.8
853050,6.9
107200,7.6
323220,6.9
465200,7.4
218680,7.5
557600,8.2
871980,8.2
1210550,6.5
1136370,6.1
1295920,7.5
1282410,7.3
1811040,5.9
1546400,6.9
1866180,6.3
1122700,5.4
1388870,7.0
1313140,7.9
1328840,8.2
946030,7.1
1649080,7.3
1817070,8.3
1490340,3.8
1288320,6.4
1027810,tbd
1319460,7.1
1760250,1.6
1726120,6.4
1294420,6.9
2081470,7.8
1747830,8.5
1343240,6.6
1859470,7.6
1284210,8.0
1669420,8.1
1777620,6.8
1390410,7.4
824550,7.9
1148760,7.9
1921340,tbd
1372110,7.5
1771360,7.5
1866430,7.5
1350200,6.8
1599020,8.1
1408610,3.7
1266700,7.1
1324340,7.3
1154830,5.7
1708520,6.4
2061250,7.5
1659600,7.9
1293730,7.3
1885750,8.3
1099640,7.4
1919590,4.5
1967510,7.8
1283400,8.0
1666250,5.5
1401590,6.0
1890740,7.9
2058190,8.5
1558930,5.5
837880,5.5
1401400,tbd
2058180,8.5
1170080,7.2
1061910,7.6
1556790,6.7
1294880,5.8
1155970,8.4
1080450,9.0
595500,7.8
1839510,tbd
2060130,7.6
1602080,6.1
1039100,tbd
1337760,6.6
1896700,8.6
1399080,7.5
1269640,7.8
1416050,7.2
1743850,7.4
1851020,6.2
1337920,6.4
1374970,7.1
1182310,8.2
1727180,7.3
1532460,tbd
1954200,8.2
1637320,7.6
1839940,5.7
1492070,7.1
1961950,8.3
2006140,7.5
1684930,7.9
1931690,8.8
1677770,7.9
1924810,tbd
1276760,5.2
698670,6.5
1898290,5.7
1158160,6.4
1620040,6.6
1588010,4.7
1663640,7.1
1911800,4.4
1324130,7.8
1731070,7.1
1284090,tbd
1580520,7.9
1969440,6.1
865680,7.8
1718570,7.4
1850510,8.1
1659420,8.6
1874490,7.8
1766100,6.5
1378990,8.0
1687950,8.7
1496790,5.3
1647550,7.9
1182900,8.3
2059670,7.5
1454970,3.7
1324530,6.8
1676130,7.4
1506440,7.3
959860,5.5
1868140,8.2
1938090,5.1
1717270,6.6
1998330,7.4
1904540,7.1
1262350,8.3
1599660,8.2
1776380,7.3
529340,6.0
1336490,7.9
1515210,7.4
1730590,7.3
1816300,7.9
1492730,7.8
347800,7.0
1577250,7.2
1668190,8.4
1451090,7.6
1318970,tbd
1981570,tbd
1849900,7.0
1535100,tbd
1963210,6.3
1939160,8.5
1237320,8.2
1919470,8.1
1701800,7.8
1629520,7.1
1983850,tbd
1567020,6.1
1671410,5.6
1336180,7.1
1361210,5.4
2012100,6.2
1205520,7.6
1962430,7.2
1817190,7.6
1358840,tbd
1630110,6.4
1286580,6.9
1065310,7.0
1846380,5.9
1912380,5.2
1793030,8.6
1817290,4.5
368260,7.2
1872680,6.6
1544020,6.8
2208920,6.0
1321680,5.4
2059960,6.4
1229240,8.6
1867530,7.2
1766740,6.6
736820,7.4
975370,8.5
1113120,7.2
1583230,7.7
1920480,6.1
2221920,7.6
1586800,8.2
1823930,6.6
1608070,7.8
1429500,8.7
1591450,3.8
1585220,8.5
1532690,6.8
814000,6.9
1108000,7.2
1452070,7.2
2221490,6.3
1942010,6.8
1201270,7.7
2231450,8.9
1680880,4.2
2239550,5.9
894620,6.1
1817230,8.9
2141820,tbd
1717640,7.2
2231380,3.4
1932160,5.8
2002850,tbd
1581770,7.8
957960,7.0
1094590,tbd
2069180,tbd
695330,7.4
1920100,8.2
1282150,7.9
1345890,6.1
2020030,5.3
2055290,6.4
219740,7.1
990080,8.2
1649240,7.4
1351080,4.2
1592540,6.1
1938010,6.8
1982340,7.0
1296450,tbd
1413660,6.9
1981610,6.0
1998340,7.5
1530160,7.2
1971650,8.6
1266030,7.0
1805480,7.4
668580,6.8
2005680,tbd
1326470,7.4
1677280,5.9
2200580,8.2
1094720,4.5
2139300,7.1
1196090,6.5
553540,5.6
1448440,6.8
1783360,tbd
1085220,6.4
1944850,7.4
1192810,3.5
2106840,8.9
756800,7.7
1920490,6.6
1430680,6.8
1985810,5.6
1985820,3.6
2058750,4.2
2000950,3.7
1998450,7.8
21640,tbd
1942660,7.0
1624540,7.2
1947500,7.0
1999770,7.4
457260,5.1
1593030,6.6
1402120,7.7
1050370,8.0
2109370,7.8
1579280,5.6
2138710,7.9
1562430,8.0
1888930,7.8
843390,7.9
1677350,6.2
1453900,4.2
1358700,6.5
1194810,5.6
1663220,7.4
1608640,7.7
1928870,5.7
1811990,8.2
1949030,7.3
1621990,6.4
1976950,tbd
1649740,8.1
1698220,6.9
1851030,tbd
1457080,6.8
313870,7.7
1911360,6.6
1651560,6.4
1321440,8.5
2176930,6.8
1822560,8.7
1774580,7.0
1607240,6.7
2162020,6.8
2014380,7.8
1623940,7.8
2023360,6.9
1701520,7.9
1493750,7.0
1245560,7.6
1179580,5.2
303610,6.1
1294810,3.6
1669000,7.6
1155330,8.3
2001340,8.2
1924170,5.1
1940340,6.0
2096620,tbd
2369390,5.4
2096570,6.6
754890,7.3
1831700,8.1
2217420,8.1
1451810,6.0
1304930,7.6
1406810,6.8
2005010,7.6
1265780,1.4
1644320,7.3
1649010,7.3
1608230,7.9
1062810,6.3
2243670,7.1
1487210,7.8
482400,7.5
1426010,8.1
922050,7.7
1730700,7.1
1903620,7.4
1364780,7.5
45710,5.2
1299510,3.7
1431850,tbd
45730,5.3
541310,7.6
1672310,8.2
2172860,7.1
2100160,5.1
2127430,3.5
2193050,7.3
1944430,7.5
1905020,3.6
2290180,6.8
1966420,6.4
1634080,7.6
2108330,6.1
1710540,7.1
1368130,6.4
2379390,5.2
1272840,7.2
2360690,tbd
1946700,6.7
1542110,7.9
1150440,7.7
1432100,7.3
1164940,7.6
1913210,5.1
1956040,3.4
2111170,7.5
2275150,5.9
2176430,7.1
1084160,8.1
1574310,7.3
1286320,5.4
2009450,tbd
1852650,tbd
2138090,7.6
2021210,7.5
817020,6.3
1736290,tbd
1382070,7.9
1515640,7.0
2213300,6.7
1574260,8.4
1895880,8.5
1282100,7.1
691790,tbd
1819450,7.8
2288070,7.8
1638230,tbd
2132540,tbd
1967260,6.9
1491670,6.4
2287220,6.6
1421490,7.3
1622710,7.8
24840,7.1
12110,8.6
841370,2.9
1433140,6.4
310810,6.3
2009100,6.1
205090,8.0
252290,6.0
107800,2.8
47700,2.2
17300,8.1
348710,7.4
37010,6.3
1351210,6.1
12100,8.0
564070,4.3
385760,6.4
230310,6.3
1089350,1.6
226580,5.3
555340,tbd
647590,4.1
17430,5.6
664430,5.6
286570,6.2
452540,6.4
97100,7.7
468000,4.4
365190,6.3
737800,7.8
205190,8.2
1340480,6.7
356050,5.6
243120,7.2
510510,6.1
402430,3.3
2114740,8.3
275610,7.0
678030,1.7
511440,5.3
817130,6.6
458680,tbd
729220,6.1
601770,7.4
1641700,6.5
1230530,6.1
515220,7.4
996470,7.5
1650010,7.0
12120,9.1
97330,7.1
1015500,1.9
200940,7.7
367600,5.0
1888160,8.1
49470,7.8
1098293,6.9
2140330,1.7
463700,6.3
267750,7.0
284790,tbd
391040,7.5
17450,8.5
816020,4.6
492760,5.5
71113,7.6
1097800,5.8
337180,6.9
328600,6.7
1454890,6.8
37700,5.6
1920780,7.9
410380,6.2
592890,tbd
291410,7.6
469830,7.4
246700,7.9
27330,5.0
554510,6.0
394230,6.8
476360,6.8
255220,6.4
210870,7.0
357010,tbd
224600,6.5
359450,4.4
239720,7.0
1983970,tbd
1239950,tbd
1545560,6.3
1530470,6.1
1654660,6.5
1975440,7.1
1911220,8.6
1538970,tbd
2079180,6.6
1931730,6.6
1147330,tbd
1353230,8.6
2223740,7.0
1549690,7.1
1310330,5.3
1244090,8.0
1867510,5.8
1436700,7.7
2103680,7.7
1849250,6.4
2217580,7.7
1346020,5.7
2440510,6.9
1485590,7.6
2450820,8.2
1658150,7.9
2519060,2.3
1627720,8.3
2295970,7.9
1566880,6.9
1437400,4.7
2216830,7.1
2086360,7.5
1960110,6.2
1931010,6.9
2172180,tbd
1676840,7.7
1602560,6.4
2380513,2.6
1943420,tbd
762940,4.7
2022670,8.3
2238900,8.3
1812370,7.8
1622900,4.7
916350,6.7
1716740,6.8
1446350,tbd
1260320,7.8
2224740,6.7
2243710,8.0
2358260,6.0
1963570,7.2
2471130,7.3
742420,3.2
945770,7.6
2375550,8.3
1681430,7.9
1540350,7.6
1937780,5.9
2560250,7.5
2002860,tbd
1844380,6.7
2254740,7.1
2051120,6.6
1249040,8.5
835960,8.6
2142260,6.2
1202200,4.3
1351000,4.7
2338140,5.8
1333200,6.5
2142330,8.2
1636030,7.3
2144740,7.6
1895810,6.1
2258500,7.1
1419620,7.3
1708010,6.1
2357400,9.1
1904790,8.1
363860,7.0
1898500,7.2
731040,7.9
1989270,8.2
2296990,7.8
1928020,0.4
2059660,8.0
1469610,7.8
1337520,7.9
593150,7.1
2344520,2.5
1167750,6.2
2478020,tbd
2272400,8.4
1661630,7.2
1355090,8.0
1150530,5.6
2395210,8.5
1796220,7.4
1971870,6.5
2008420,2.8
1760330,tbd
1234430,5.7
2304640,6.4
1902690,8.1
1546310,5.8
2160480,6.8
2456960,8.6
2017080,6.8
1812560,7.8
2460490,tbd
1479140,6.6
2142240,7.6
2291020,6.8
1876890,8.3
1687000,7.5
1617220,5.4
2230110,6.2
1913740,5.4
2060870,5.8
1012570,tbd
2250600,6.5
1931770,8.6
1644940,8.3
2338770,2.4
2673080,7.7
1643310,7.8
2623050,tbd
1020790,5.3
1977170,7.6
949230,4.2
1402110,7.7
2252570,7.1
1497440,8.0
1677310,8.3
1163060,7.0
1568970,8.0
2140020,8.0
1272080,3.3
1274600,7.1
1580180,8.0
2134770,7.2
1540210,7.1
2186680,7.8
1240060,6.1
2328310,tbd
1190970,7.5
1924430,7.6
2157560,7.1
858030,5.5
2644520,tbd
2633500,tbd
2680190,8.0
1553000,5.1
1747760,7.4
1674920,7.4
2097230,7.7
1778820,7.5
1523650,3.8
2187220,7.9
2072450,8.5
2008510,6.9
2076010,5.4
1924360,7.8
2378620,8.8
2161700,8.7
881020,8.3
2114300,tbd
315210,3.5
1877020,4.2
553850,7.5
1880470,6.2
2386310,8.0
2436570,8.0
2080800,6.8
850190,7.9
1924780,7.4
2478970,7.7
1893810,7.5
1759380,6.5
1839950,6.6
1903910,7.8
1955230,7.3
2379780,8.3
2243510,5.7
1458140,6.2
1781260,7.5
2685090,8.8
2292260,6.6
2591070,tbd
2153350,7.5
1996430,tbd
1519090,6.6
1561340,7.2
2533960,7.5
2235020,6.6
1521970,6.8
2085370,8.1
24880,7.8
2569820,tbd
2214000,6.9
2398170,7.8
1013140,7.3
1808680,8.3
809060,6.5
1684350,7.1
2315690,6.7
1351240,4.2
2446550,3.0
2477340,5.4
2741560,8.5
2420110,7.3
2054970,6.4
1496590,6.6
1309620,6.8
2076580,6.4
1268590,5.9
1497360,6.3
290100,5.8
1214650,4.5
2750080,3.5
1430220,7.4
1409830,6.0
2835570,7.8
2905090,5.3
1634860,8.4
1438480,7.7
2089830,5.4
1403440,5.1
1671360,6.2
1840800,7.0
2113850,7.4
1309950,6.7
1425350,7.7
924750,6.7
2632930,tbd
2698940,7.1
1979440,7.6
1785650,4.8
2085000,5.9
2685590,7.3
1658280,7.1
2666510,7.6
2527580,5.6
2450450,8.2
1887840,7.6
2316580,4.7
2240790,6.4
934700,7.2
1733240,5.7
2376270,6.8
2865440,5.8
1373960,7.1
2581700,5.5
2104880,tbd
2414550,8.2
1177980,7.6
2739830,tbd
1996010,8.1
1640630,7.1
813230,7.9
2095950,5.4
1885110,8.1
1293910,tbd
1128860,2.8
1840080,3.0
499180,7.6
2008920,8.0
2111190,8.3
2818260,6.9
2719200,tbd
1456760,7.6
2215430,8.3
1154670,3.0
2461850,7.4
2146570,5.6
1658920,5.3
2637990,7.6
2653940,6.9
2229560,6.1
1889740,8.9
1781010,8.3
2060790,7.2
2994850,8.2
2238040,7.8
1809540,8.5
2081080,2.5
2488620,4.8
1556100,6.7
1235100,7.2
1283230,3.0
2662630,5.6
2552440,7.5
1875830,8.1
2356560,7.1
2146170,7.8
1921480,5.4
2933080,4.4
1622910,7.6
2379910,7.3
2840770,7.1
2076140,8.1
2839280,8.8
2556990,7.3
1231990,6.9
1978590,7.3
1712350,7.9
1983260,7.7
1574820,8.6
2596420,7.4
2291060,5.8
2424110,6.9
2481020,7.4
1832040,4.6
2891280,7.0
1939970,7.0
1519710,6.1
1286990,8.2
1619230,tbd
2419090,7.7
1991300,8.0
1783680,5.0
1771980,7.7
2195140,7.0
1610440,7.6
2510710,7.7
2231190,5.1
2562900,6.5
2337820,1.6
1277130,6.6
2591280,7.5
2396240,7.6
2305840,8.1
2366980,7.7
